video_file,target_type,target_state,target_position,frame_time_sec,confidence,bbox_center_x,bbox_center_y,frame_number
SHOT0001.MP4,red,entire,top-left,0.1,0.366,466,222,4
SHOT0001.MP4,red,entire,top-right,0.8,0.389,2574,455,32
SHOT0001.MP4,dark,entire,middle-right,1.03,0.311,2314,584,41
SHOT0001.MP4,red,entire,middle-right,1.08,0.321,2257,607,43
SHOT0001.MP4,red,entire,middle-right,1.1,0.352,2226,620,44
SHOT0001.MP4,red,entire,middle-right,1.15,0.32,2163,641,46
SHOT0001.MP4,red,entire,middle-right,1.25,0.37,2045,671,50
SHOT0001.MP4,red,entire,middle-right,1.45,0.42,1803,705,58
SHOT0001.MP4,red,entire,middle-center,1.5,0.354,1740,710,60
SHOT0001.MP4,dark,entire,middle-center,1.53,0.335,1710,715,61
SHOT0001.MP4,red,entire,middle-center,1.6,0.443,1625,718,64
SHOT0001.MP4,dark,entire,middle-center,1.73,0.333,1486,716,69
SHOT0001.MP4,dark,entire,middle-center,1.75,0.365,1460,714,70
SHOT0001.MP4,dark,entire,middle-center,2.08,0.378,1238,657,83
SHOT0001.MP4,dark,entire,middle-center,2.1,0.4,1227,656,84
SHOT0001.MP4,red,entire,middle-center,2.13,0.337,1215,653,85
SHOT0001.MP4,dark,entire,middle-center,2.15,0.543,1204,648,86
SHOT0001.MP4,dark,entire,middle-center,2.18,0.462,1198,643,87
SHOT0001.MP4,dark,entire,middle-center,2.2,0.398,1187,642,88
SHOT0001.MP4,red,entire,middle-center,2.23,0.301,1180,640,89
SHOT0001.MP4,dark,entire,middle-center,2.33,0.386,1156,628,93
SHOT0001.MP4,dark,entire,middle-center,2.38,0.394,1146,627,95
SHOT0001.MP4,dark,entire,middle-center,2.43,0.384,1138,626,97
SHOT0001.MP4,dark,entire,middle-center,2.5,0.357,1125,627,100
SHOT0001.MP4,dark,entire,middle-center,2.68,0.35,1100,642,107
SHOT0001.MP4,dark,entire,middle-center,2.7,0.455,1095,644,108
SHOT0001.MP4,dark,entire,middle-center,2.73,0.423,1092,650,109
SHOT0001.MP4,red,entire,middle-center,3.23,0.413,1087,623,129
SHOT0001.MP4,red,entire,middle-center,3.25,0.357,1100,610,130
SHOT0001.MP4,red,entire,middle-center,3.3,0.533,1133,585,132
SHOT0001.MP4,red,entire,middle-center,3.35,0.413,1174,559,134
SHOT0001.MP4,red,entire,middle-center,3.38,0.409,1195,546,135
SHOT0001.MP4,red,entire,middle-center,3.43,0.419,1238,523,137
SHOT0001.MP4,red,entire,middle-center,3.45,0.433,1265,514,138
SHOT0001.MP4,red,entire,top-center,3.53,0.423,1343,490,141
SHOT0001.MP4,red,entire,top-center,3.55,0.53,1369,484,142
SHOT0001.MP4,red,entire,top-center,3.58,0.333,1398,478,143
SHOT0001.MP4,red,entire,top-center,3.63,0.337,1454,468,145
SHOT0001.MP4,red,entire,top-center,3.65,0.436,1484,464,146
SHOT0001.MP4,red,entire,top-center,3.68,0.386,1518,461,147
SHOT0001.MP4,red,entire,top-center,3.7,0.384,1549,459,148
SHOT0001.MP4,red,entire,top-center,8.66,0.423,1312,171,346
SHOT0001.MP4,red,entire,top-center,8.68,0.508,1321,208,347
SHOT0001.MP4,red,entire,top-center,8.71,0.443,1327,241,348
SHOT0001.MP4,red,entire,top-center,8.73,0.517,1336,274,349
SHOT0001.MP4,red,entire,top-center,8.76,0.531,1341,305,350
SHOT0001.MP4,red,entire,top-center,8.78,0.604,1345,335,351
SHOT0001.MP4,red,entire,top-center,8.81,0.71,1351,362,352
SHOT0001.MP4,red,entire,top-center,8.83,0.748,1356,389,353
SHOT0001.MP4,red,entire,top-center,8.86,0.758,1360,413,354
SHOT0001.MP4,red,entire,top-center,8.88,0.653,1363,435,355
SHOT0001.MP4,red,entire,top-center,8.91,0.735,1365,454,356
SHOT0001.MP4,red,entire,top-center,8.93,0.674,1370,475,357
SHOT0001.MP4,red,entire,middle-center,8.96,0.664,1371,491,358
SHOT0001.MP4,red,entire,middle-center,8.98,0.614,1372,507,359
SHOT0001.MP4,red,entire,middle-center,9.01,0.724,1371,521,360
SHOT0001.MP4,red,entire,middle-center,9.03,0.551,1372,536,361
SHOT0001.MP4,red,entire,middle-center,9.06,0.765,1370,548,362
SHOT0001.MP4,red,entire,middle-center,9.08,0.694,1369,558,363
SHOT0001.MP4,red,entire,middle-center,9.11,0.519,1366,569,364
SHOT0001.MP4,red,entire,middle-center,9.13,0.756,1363,578,365
SHOT0001.MP4,red,entire,middle-center,9.16,0.752,1359,587,366
SHOT0001.MP4,red,entire,middle-center,9.18,0.734,1355,594,367
SHOT0001.MP4,red,entire,middle-center,9.21,0.573,1350,602,368
SHOT0001.MP4,red,entire,middle-center,9.23,0.687,1346,608,369
SHOT0001.MP4,red,entire,middle-center,9.26,0.627,1343,613,370
SHOT0001.MP4,red,entire,middle-center,9.28,0.656,1341,618,371
SHOT0001.MP4,red,entire,middle-center,9.31,0.676,1339,621,372
SHOT0001.MP4,red,entire,middle-center,9.33,0.684,1337,625,373
SHOT0001.MP4,red,entire,middle-center,9.36,0.668,1333,629,374
SHOT0001.MP4,red,entire,middle-center,9.38,0.554,1330,633,375
SHOT0001.MP4,red,entire,middle-center,9.41,0.414,1327,635,376
SHOT0001.MP4,red,entire,middle-center,9.43,0.48,1324,639,377
SHOT0001.MP4,red,entire,middle-center,9.46,0.704,1320,641,378
SHOT0001.MP4,red,entire,middle-center,9.48,0.761,1317,643,379
SHOT0001.MP4,red,entire,middle-center,9.51,0.712,1315,644,380
SHOT0001.MP4,red,entire,middle-center,9.53,0.67,1313,645,381
SHOT0001.MP4,red,entire,middle-center,9.56,0.577,1311,647,382
SHOT0001.MP4,red,entire,middle-center,9.58,0.686,1309,648,383
SHOT0001.MP4,red,entire,middle-center,9.61,0.751,1307,650,384
SHOT0001.MP4,red,entire,middle-center,9.63,0.78,1305,650,385
SHOT0001.MP4,red,entire,middle-center,9.66,0.785,1301,652,386
SHOT0001.MP4,red,entire,middle-center,9.68,0.768,1296,652,387
SHOT0001.MP4,red,entire,middle-center,9.71,0.757,1293,654,388
SHOT0001.MP4,red,entire,middle-center,9.73,0.738,1291,655,389
SHOT0001.MP4,red,entire,middle-center,9.76,0.726,1288,656,390
SHOT0001.MP4,red,entire,middle-center,9.78,0.695,1284,657,391
SHOT0001.MP4,red,entire,middle-center,9.81,0.627,1281,658,392
SHOT0001.MP4,red,entire,middle-center,9.83,0.51,1279,658,393
SHOT0001.MP4,red,entire,middle-center,9.86,0.564,1276,657,394
SHOT0001.MP4,red,entire,middle-center,9.88,0.632,1273,657,395
SHOT0001.MP4,red,entire,middle-center,9.91,0.66,1269,657,396
SHOT0001.MP4,red,entire,middle-center,9.93,0.668,1265,658,397
SHOT0001.MP4,red,entire,middle-center,9.96,0.681,1262,659,398
SHOT0001.MP4,red,entire,middle-center,9.98,0.679,1258,659,399
SHOT0001.MP4,red,entire,middle-center,10.01,0.661,1255,660,400
SHOT0001.MP4,red,entire,middle-center,10.04,0.609,1250,660,401
SHOT0001.MP4,red,entire,middle-center,10.06,0.559,1248,660,402
SHOT0001.MP4,red,entire,middle-center,10.09,0.473,1246,659,403
SHOT0001.MP4,red,entire,middle-center,10.11,0.587,1243,657,404
SHOT0001.MP4,red,entire,middle-center,10.14,0.665,1240,655,405
SHOT0001.MP4,red,entire,middle-center,10.16,0.697,1238,655,406
SHOT0001.MP4,red,entire,middle-center,10.19,0.706,1236,653,407
SHOT0001.MP4,red,entire,middle-center,10.21,0.723,1233,652,408
SHOT0001.MP4,red,entire,middle-center,10.24,0.733,1231,650,409
SHOT0001.MP4,red,entire,middle-center,10.26,0.755,1230,648,410
SHOT0001.MP4,red,entire,middle-center,10.29,0.751,1231,643,411
SHOT0001.MP4,red,entire,middle-center,10.31,0.709,1231,640,412
SHOT0001.MP4,red,entire,middle-center,10.34,0.449,1231,638,413
SHOT0001.MP4,red,entire,middle-center,10.36,0.517,1229,633,414
SHOT0001.MP4,red,entire,middle-center,10.39,0.651,1230,629,415
SHOT0001.MP4,red,entire,middle-center,10.41,0.679,1230,624,416
SHOT0001.MP4,red,entire,middle-center,10.44,0.702,1229,620,417
SHOT0001.MP4,red,entire,middle-center,10.46,0.759,1229,615,418
SHOT0001.MP4,red,entire,middle-center,10.49,0.745,1230,609,419
SHOT0001.MP4,red,entire,middle-center,10.51,0.574,1230,606,420
SHOT0001.MP4,red,entire,middle-center,10.54,0.573,1229,600,421
SHOT0001.MP4,red,entire,middle-center,10.56,0.709,1228,594,422
SHOT0001.MP4,red,entire,middle-center,10.59,0.721,1227,589,423
SHOT0001.MP4,red,entire,middle-center,10.61,0.74,1227,585,424
SHOT0001.MP4,red,entire,middle-center,10.64,0.737,1227,578,425
SHOT0001.MP4,red,entire,middle-center,10.66,0.626,1226,574,426
SHOT0001.MP4,red,entire,middle-center,10.69,0.471,1223,570,427
SHOT0001.MP4,red,entire,middle-center,10.71,0.613,1223,567,428
SHOT0001.MP4,red,entire,middle-center,10.74,0.677,1222,561,429
SHOT0001.MP4,red,entire,middle-center,10.76,0.66,1220,557,430
SHOT0001.MP4,red,entire,middle-center,10.79,0.586,1216,554,431
SHOT0001.MP4,red,entire,middle-center,10.81,0.504,1214,553,432
SHOT0001.MP4,red,entire,middle-center,10.84,0.496,1212,548,433
SHOT0001.MP4,red,entire,middle-center,10.86,0.56,1211,544,434
SHOT0001.MP4,red,entire,middle-center,10.89,0.597,1209,542,435
SHOT0001.MP4,red,entire,middle-center,10.91,0.578,1209,540,436
SHOT0001.MP4,red,entire,middle-center,10.94,0.556,1207,539,437
SHOT0001.MP4,red,entire,middle-center,10.96,0.439,1206,539,438
SHOT0001.MP4,red,entire,middle-center,10.99,0.439,1203,538,439
SHOT0001.MP4,red,entire,middle-center,11.01,0.435,1201,537,440
SHOT0001.MP4,red,entire,middle-center,11.04,0.423,1199,537,441
SHOT0001.MP4,red,entire,middle-center,11.06,0.403,1199,537,442
SHOT0001.MP4,red,entire,middle-center,11.09,0.392,1198,537,443
SHOT0001.MP4,red,entire,middle-center,11.11,0.364,1198,539,444
SHOT0001.MP4,red,entire,middle-center,11.14,0.423,1197,540,445
SHOT0001.MP4,red,entire,middle-center,11.16,0.516,1198,540,446
SHOT0001.MP4,red,entire,middle-center,11.19,0.618,1199,541,447
SHOT0001.MP4,red,entire,middle-center,11.21,0.653,1199,542,448
SHOT0001.MP4,red,entire,middle-center,11.24,0.695,1199,544,449
SHOT0001.MP4,red,entire,middle-center,11.26,0.709,1199,547,450
SHOT0001.MP4,red,entire,middle-center,11.29,0.72,1200,550,451
SHOT0001.MP4,red,entire,middle-center,11.31,0.699,1199,552,452
SHOT0001.MP4,red,entire,middle-center,11.34,0.699,1200,554,453
SHOT0001.MP4,red,entire,middle-center,11.36,0.691,1202,556,454
SHOT0001.MP4,red,entire,middle-center,11.39,0.671,1203,559,455
SHOT0001.MP4,red,entire,middle-center,11.41,0.646,1204,561,456
SHOT0001.MP4,red,entire,middle-center,11.44,0.577,1205,567,457
SHOT0001.MP4,red,entire,middle-center,11.46,0.46,1206,569,458
SHOT0001.MP4,red,entire,middle-center,11.49,0.486,1206,573,459
SHOT0001.MP4,red,entire,middle-center,11.51,0.647,1205,576,460
SHOT0001.MP4,red,entire,middle-center,11.54,0.689,1203,581,461
SHOT0001.MP4,red,entire,middle-center,11.56,0.67,1201,586,462
SHOT0001.MP4,red,entire,middle-center,11.59,0.644,1199,589,463
SHOT0001.MP4,red,entire,middle-center,11.61,0.598,1196,595,464
SHOT0001.MP4,red,entire,middle-center,11.64,0.513,1193,601,465
SHOT0001.MP4,red,entire,middle-center,11.69,0.418,1183,608,467
SHOT0001.MP4,red,entire,middle-center,11.71,0.533,1161,709,468
SHOT0001.MP4,red,entire,middle-center,11.74,0.439,1172,676,469
SHOT0001.MP4,red,entire,middle-center,11.76,0.344,1146,708,470
SHOT0001.MP4,red,entire,middle-center,11.81,0.395,1130,816,472
SHOT0001.MP4,red,entire,middle-center,11.84,0.442,1130,854,473
SHOT0001.MP4,red,entire,middle-center,11.86,0.476,1129,874,474
SHOT0001.MP4,red,entire,middle-center,11.89,0.357,1128,882,475
SHOT0001.MP4,red,entire,middle-center,11.99,0.306,1060,864,479
SHOT0001.MP4,red,entire,middle-center,12.01,0.425,1038,855,480
SHOT0001.MP4,red,entire,middle-center,12.04,0.305,1017,848,481
SHOT0001.MP4,red,entire,middle-center,12.06,0.45,998,837,482
SHOT0001.MP4,red,entire,middle-center,12.09,0.391,981,827,483
SHOT0001.MP4,red,entire,middle-center,12.11,0.558,965,817,484
SHOT0001.MP4,red,entire,middle-center,12.14,0.327,952,804,485
SHOT0001.MP4,red,entire,middle-center,12.16,0.376,948,795,486
SHOT0001.MP4,red,entire,middle-center,12.19,0.495,943,782,487
SHOT0001.MP4,red,entire,middle-center,12.21,0.335,947,771,488
SHOT0001.MP4,red,entire,middle-center,12.26,0.429,959,746,490
SHOT0001.MP4,red,entire,middle-center,12.31,0.376,982,717,492
SHOT0001.MP4,red,entire,top-center,12.69,0.369,1130,488,507
SHOT0002.MP4,red,entire,top-right,0.0,0.304,1776,164,0
SHOT0002.MP4,dark,entire,top-right,0.08,0.421,1764,192,3
SHOT0002.MP4,dark,entire,top-center,0.15,0.373,1747,226,6
SHOT0002.MP4,dark,entire,top-center,0.2,0.33,1735,247,8
SHOT0002.MP4,red,entire,top-center,0.25,0.318,1722,273,10
SHOT0002.MP4,dark,entire,top-center,0.28,0.346,1713,288,11
SHOT0002.MP4,red,entire,top-center,0.35,0.357,1690,327,14
SHOT0002.MP4,red,entire,top-center,0.43,0.314,1659,368,17
SHOT0002.MP4,dark,entire,top-center,0.45,0.42,1646,381,18
SHOT0002.MP4,dark,entire,top-center,0.48,0.418,1639,395,19
SHOT0002.MP4,dark,entire,top-center,0.53,0.449,1616,422,21
SHOT0002.MP4,dark,entire,top-center,0.58,0.333,1595,447,23
SHOT0002.MP4,dark,entire,top-center,0.65,0.404,1558,485,26
SHOT0002.MP4,dark,entire,middle-center,0.68,0.372,1548,496,27
SHOT0002.MP4,dark,entire,middle-center,0.73,0.321,1527,519,29
SHOT0002.MP4,dark,entire,middle-center,0.75,0.331,1514,530,30
SHOT0002.MP4,red,entire,middle-center,0.78,0.313,1505,541,31
SHOT0002.MP4,dark,entire,middle-center,0.8,0.373,1496,552,32
SHOT0002.MP4,dark,entire,middle-center,0.95,0.301,1442,610,38
SHOT0002.MP4,dark,entire,middle-center,0.98,0.498,1434,620,39
SHOT0002.MP4,dark,entire,middle-center,1.1,0.321,1406,652,44
SHOT0002.MP4,dark,entire,middle-center,1.13,0.305,1401,658,45
SHOT0002.MP4,red,entire,middle-center,1.73,0.488,1330,653,69
SHOT0002.MP4,red,entire,middle-center,1.75,0.417,1329,650,70
SHOT0002.MP4,red,entire,middle-center,1.78,0.4,1325,648,71
SHOT0002.MP4,red,entire,middle-center,1.8,0.428,1318,647,72
SHOT0002.MP4,red,entire,middle-center,2.0,0.322,1301,631,80
SHOT0002.MP4,dark,entire,middle-center,2.03,0.324,1298,630,81
SHOT0002.MP4,red,entire,middle-center,2.05,0.393,1295,627,82
SHOT0002.MP4,dark,entire,middle-center,2.08,0.392,1290,626,83
SHOT0002.MP4,dark,entire,middle-center,2.1,0.47,1286,625,84
SHOT0002.MP4,dark,entire,middle-center,2.15,0.338,1277,622,86
SHOT0002.MP4,dark,entire,middle-center,2.18,0.425,1273,621,87
SHOT0002.MP4,dark,entire,middle-center,2.2,0.386,1269,619,88
SHOT0002.MP4,dark,entire,middle-center,2.23,0.368,1266,618,89
SHOT0002.MP4,dark,entire,middle-center,2.25,0.435,1262,614,90
SHOT0002.MP4,dark,entire,middle-center,2.28,0.534,1259,614,91
SHOT0002.MP4,dark,entire,middle-center,2.3,0.495,1254,615,92
SHOT0002.MP4,dark,entire,middle-center,2.33,0.395,1249,613,93
SHOT0002.MP4,dark,entire,middle-center,2.35,0.367,1244,608,94
SHOT0002.MP4,dark,entire,middle-center,2.38,0.498,1238,610,95
SHOT0002.MP4,dark,entire,middle-center,2.4,0.494,1233,610,96
SHOT0002.MP4,dark,entire,middle-center,2.43,0.424,1227,610,97
SHOT0002.MP4,dark,entire,middle-center,2.45,0.407,1218,612,98
SHOT0002.MP4,dark,entire,middle-center,2.48,0.317,1213,613,99
SHOT0002.MP4,dark,entire,middle-center,2.5,0.508,1204,616,100
SHOT0002.MP4,dark,entire,middle-center,2.53,0.327,1198,618,101
SHOT0002.MP4,dark,entire,middle-center,2.55,0.307,1188,620,102
SHOT0002.MP4,dark,entire,middle-center,2.6,0.328,1171,623,104
SHOT0002.MP4,red,entire,middle-center,2.65,0.306,1153,627,106
SHOT0002.MP4,red,entire,middle-center,2.68,0.306,1146,629,107
SHOT0002.MP4,dark,entire,middle-center,2.75,0.31,1108,635,110
SHOT0002.MP4,red,entire,middle-center,3.0,0.371,938,785,120
SHOT0002.MP4,red,entire,middle-left,3.13,0.315,824,707,125
SHOT0002.MP4,red,entire,middle-left,3.3,0.319,804,594,132
SHOT0002.MP4,red,entire,middle-center,3.48,0.538,937,519,139
SHOT0002.MP4,red,entire,middle-center,3.5,0.356,960,514,140
SHOT0002.MP4,red,entire,middle-center,3.78,0.407,1293,528,151
SHOT0002.MP4,red,entire,top-center,7.61,0.625,973,10,304
SHOT0002.MP4,red,entire,top-center,7.63,0.711,995,28,305
SHOT0002.MP4,red,entire,top-center,7.66,0.52,1015,51,306
SHOT0002.MP4,red,entire,top-center,7.68,0.67,1036,73,307
SHOT0002.MP4,red,entire,top-center,7.71,0.662,1055,95,308
SHOT0002.MP4,red,entire,top-center,7.73,0.643,1074,118,309
SHOT0002.MP4,red,entire,top-center,7.76,0.396,1090,144,310
SHOT0002.MP4,red,entire,top-center,7.78,0.556,1109,166,311
SHOT0002.MP4,red,entire,top-center,7.81,0.695,1126,191,312
SHOT0002.MP4,red,entire,top-center,7.83,0.645,1142,213,313
SHOT0002.MP4,red,entire,top-center,7.86,0.665,1153,236,314
SHOT0002.MP4,red,entire,top-center,7.88,0.638,1167,257,315
SHOT0002.MP4,red,entire,top-center,7.91,0.55,1179,279,316
SHOT0002.MP4,red,entire,top-center,7.93,0.68,1194,298,317
SHOT0002.MP4,red,entire,top-center,7.96,0.723,1206,318,318
SHOT0002.MP4,red,entire,top-center,7.98,0.575,1215,337,319
SHOT0002.MP4,red,entire,top-center,8.01,0.734,1227,354,320
SHOT0002.MP4,red,entire,top-center,8.03,0.629,1236,369,321
SHOT0002.MP4,red,entire,top-center,8.06,0.665,1244,384,322
SHOT0002.MP4,red,entire,top-center,8.08,0.704,1252,398,323
SHOT0002.MP4,red,entire,top-center,8.11,0.655,1261,410,324
SHOT0002.MP4,red,entire,top-center,8.13,0.684,1267,422,325
SHOT0002.MP4,red,entire,top-center,8.16,0.589,1275,433,326
SHOT0002.MP4,red,entire,top-center,8.18,0.641,1279,443,327
SHOT0002.MP4,red,entire,top-center,8.21,0.795,1285,451,328
SHOT0002.MP4,red,entire,top-center,8.23,0.736,1292,456,329
SHOT0002.MP4,red,entire,top-center,8.26,0.721,1295,462,330
SHOT0002.MP4,red,entire,top-center,8.28,0.633,1300,469,331
SHOT0002.MP4,red,entire,top-center,8.31,0.642,1305,473,332
SHOT0002.MP4,red,entire,top-center,8.33,0.718,1307,475,333
SHOT0002.MP4,red,entire,top-center,8.36,0.711,1308,478,334
SHOT0002.MP4,red,entire,top-center,8.38,0.636,1310,481,335
SHOT0002.MP4,red,entire,top-center,8.41,0.596,1311,486,336
SHOT0002.MP4,red,entire,top-center,8.43,0.639,1312,487,337
SHOT0002.MP4,red,entire,top-center,8.46,0.646,1313,488,338
SHOT0002.MP4,red,entire,top-center,8.48,0.65,1312,490,339
SHOT0002.MP4,red,entire,middle-center,8.51,0.663,1313,491,340
SHOT0002.MP4,red,entire,middle-center,8.53,0.61,1312,493,341
SHOT0002.MP4,red,entire,middle-center,8.56,0.552,1311,493,342
SHOT0002.MP4,red,entire,middle-center,8.58,0.607,1308,495,343
SHOT0002.MP4,red,entire,middle-center,8.61,0.648,1307,496,344
SHOT0002.MP4,red,entire,middle-center,8.63,0.66,1305,499,345
SHOT0002.MP4,red,entire,middle-center,8.66,0.665,1301,500,346
SHOT0002.MP4,red,entire,middle-center,8.68,0.54,1298,504,347
SHOT0002.MP4,red,entire,middle-center,8.71,0.506,1295,506,348
SHOT0002.MP4,red,entire,middle-center,8.73,0.7,1291,508,349
SHOT0002.MP4,red,entire,middle-center,8.76,0.802,1285,511,350
SHOT0002.MP4,red,entire,middle-center,8.78,0.655,1279,515,351
SHOT0002.MP4,red,entire,middle-center,8.81,0.693,1276,518,352
SHOT0002.MP4,red,entire,middle-center,8.83,0.724,1271,520,353
SHOT0002.MP4,red,entire,middle-center,8.86,0.724,1265,523,354
SHOT0002.MP4,red,entire,middle-center,8.88,0.758,1261,526,355
SHOT0002.MP4,red,entire,middle-center,8.91,0.725,1256,530,356
SHOT0002.MP4,red,entire,middle-center,8.93,0.649,1250,534,357
SHOT0002.MP4,red,entire,middle-center,8.96,0.452,1246,536,358
SHOT0002.MP4,red,entire,middle-center,8.98,0.557,1242,538,359
SHOT0002.MP4,red,entire,middle-center,9.01,0.713,1239,540,360
SHOT0002.MP4,red,entire,middle-center,9.03,0.767,1234,541,361
SHOT0002.MP4,red,entire,middle-center,9.06,0.754,1230,542,362
SHOT0002.MP4,red,entire,middle-center,9.08,0.769,1226,544,363
SHOT0002.MP4,red,entire,middle-center,9.11,0.79,1220,545,364
SHOT0002.MP4,red,entire,middle-center,9.13,0.63,1214,547,365
SHOT0002.MP4,red,entire,middle-center,9.16,0.666,1210,548,366
SHOT0002.MP4,red,entire,middle-center,9.18,0.757,1205,548,367
SHOT0002.MP4,red,entire,middle-center,9.21,0.772,1200,549,368
SHOT0002.MP4,red,entire,middle-center,9.23,0.785,1196,549,369
SHOT0002.MP4,red,entire,middle-center,9.26,0.788,1193,551,370
SHOT0002.MP4,red,entire,middle-center,9.28,0.805,1188,550,371
SHOT0002.MP4,red,entire,middle-center,9.31,0.726,1183,550,372
SHOT0002.MP4,red,entire,middle-center,9.33,0.576,1180,550,373
SHOT0002.MP4,red,entire,middle-center,9.36,0.672,1178,550,374
SHOT0002.MP4,red,entire,middle-center,9.38,0.732,1174,550,375
SHOT0002.MP4,red,entire,middle-center,9.41,0.768,1169,548,376
SHOT0002.MP4,red,entire,middle-center,9.43,0.75,1165,550,377
SHOT0002.MP4,red,entire,middle-center,9.46,0.766,1162,550,378
SHOT0002.MP4,red,entire,middle-center,9.48,0.784,1158,549,379
SHOT0002.MP4,red,entire,middle-center,9.51,0.759,1153,548,380
SHOT0002.MP4,red,entire,middle-center,9.53,0.63,1148,547,381
SHOT0002.MP4,red,entire,middle-center,9.56,0.594,1146,546,382
SHOT0002.MP4,red,entire,middle-center,9.58,0.712,1143,546,383
SHOT0002.MP4,red,entire,middle-center,9.61,0.746,1140,546,384
SHOT0002.MP4,red,entire,middle-center,9.63,0.738,1135,545,385
SHOT0002.MP4,red,entire,middle-center,9.66,0.74,1132,546,386
SHOT0002.MP4,red,entire,middle-center,9.68,0.756,1129,546,387
SHOT0002.MP4,red,entire,middle-center,9.71,0.753,1125,546,388
SHOT0002.MP4,red,entire,middle-center,9.73,0.739,1120,545,389
SHOT0002.MP4,red,entire,middle-center,9.76,0.598,1116,545,390
SHOT0002.MP4,red,entire,middle-center,9.78,0.565,1114,543,391
SHOT0002.MP4,red,entire,middle-center,9.81,0.641,1112,543,392
SHOT0002.MP4,red,entire,middle-center,9.83,0.676,1111,541,393
SHOT0002.MP4,red,entire,middle-center,9.86,0.678,1110,541,394
SHOT0002.MP4,red,entire,middle-center,9.88,0.674,1108,541,395
SHOT0002.MP4,red,entire,middle-center,9.91,0.634,1106,540,396
SHOT0002.MP4,red,entire,middle-center,9.93,0.527,1102,539,397
SHOT0002.MP4,red,entire,middle-center,9.96,0.398,1100,537,398
SHOT0002.MP4,red,entire,middle-center,9.98,0.457,1096,537,399
SHOT0002.MP4,red,entire,middle-center,10.01,0.506,1094,536,400
SHOT0002.MP4,red,entire,middle-center,10.04,0.567,1093,536,401
SHOT0002.MP4,red,entire,middle-center,10.06,0.586,1091,536,402
SHOT0002.MP4,red,entire,middle-center,10.09,0.611,1090,535,403
SHOT0002.MP4,red,entire,middle-center,10.11,0.598,1088,535,404
SHOT0002.MP4,red,entire,middle-center,10.14,0.596,1087,534,405
SHOT0002.MP4,red,entire,middle-center,10.16,0.593,1085,534,406
SHOT0002.MP4,red,entire,middle-center,10.19,0.588,1085,533,407
SHOT0002.MP4,red,entire,middle-center,10.21,0.57,1084,532,408
SHOT0002.MP4,red,entire,middle-center,10.24,0.562,1084,532,409
SHOT0002.MP4,red,entire,middle-center,10.26,0.569,1084,532,410
SHOT0002.MP4,red,entire,middle-center,10.29,0.589,1085,530,411
SHOT0002.MP4,red,entire,middle-center,10.31,0.581,1085,531,412
SHOT0002.MP4,red,entire,middle-center,10.34,0.578,1085,531,413
SHOT0002.MP4,red,entire,middle-center,10.36,0.591,1086,530,414
SHOT0002.MP4,red,entire,middle-center,10.39,0.643,1088,530,415
SHOT0002.MP4,red,entire,middle-center,10.41,0.633,1089,530,416
SHOT0002.MP4,red,entire,middle-center,10.44,0.661,1090,529,417
SHOT0002.MP4,red,entire,middle-center,10.46,0.669,1091,530,418
SHOT0002.MP4,red,entire,middle-center,10.49,0.666,1093,529,419
SHOT0002.MP4,red,entire,middle-center,10.51,0.666,1094,528,420
SHOT0002.MP4,red,entire,middle-center,10.54,0.665,1096,528,421
SHOT0002.MP4,red,entire,middle-center,10.56,0.651,1098,529,422
SHOT0002.MP4,red,entire,middle-center,10.59,0.644,1100,529,423
SHOT0002.MP4,red,entire,middle-center,10.61,0.652,1103,528,424
SHOT0002.MP4,red,entire,middle-center,10.64,0.632,1107,530,425
SHOT0002.MP4,red,entire,middle-center,10.66,0.581,1111,532,426
SHOT0002.MP4,red,entire,middle-center,10.69,0.499,1113,533,427
SHOT0002.MP4,red,entire,middle-center,10.71,0.416,1115,535,428
SHOT0002.MP4,red,entire,middle-center,10.74,0.468,1116,536,429
SHOT0002.MP4,red,entire,middle-center,10.76,0.413,1118,538,430
SHOT0002.MP4,red,entire,middle-center,10.79,0.446,1121,539,431
SHOT0002.MP4,red,entire,middle-center,10.81,0.552,1123,540,432
SHOT0002.MP4,red,entire,middle-center,10.84,0.615,1125,542,433
SHOT0002.MP4,red,entire,middle-center,10.86,0.661,1127,544,434
SHOT0002.MP4,red,entire,middle-center,10.89,0.693,1128,547,435
SHOT0002.MP4,red,entire,middle-center,10.91,0.686,1130,549,436
SHOT0002.MP4,red,entire,middle-center,10.94,0.673,1130,551,437
SHOT0002.MP4,red,entire,middle-center,10.96,0.647,1131,553,438
SHOT0002.MP4,red,entire,middle-center,10.99,0.618,1132,555,439
SHOT0002.MP4,red,entire,middle-center,11.01,0.614,1133,559,440
SHOT0002.MP4,red,entire,middle-center,11.04,0.624,1135,561,441
SHOT0002.MP4,red,entire,middle-center,11.06,0.594,1135,564,442
SHOT0002.MP4,red,entire,middle-center,11.09,0.508,1137,568,443
SHOT0002.MP4,dark,broken,middle-right,11.09,0.347,1784,701,443
SHOT0002.MP4,red,entire,middle-center,11.11,0.447,1139,570,444
SHOT0002.MP4,red,entire,middle-center,11.14,0.405,1140,572,445
SHOT0002.MP4,red,entire,middle-center,11.16,0.579,1142,574,446
SHOT0002.MP4,red,entire,middle-center,11.19,0.632,1143,576,447
SHOT0002.MP4,red,entire,middle-center,11.21,0.623,1144,579,448
SHOT0002.MP4,red,entire,middle-center,11.24,0.548,1146,582,449
SHOT0002.MP4,red,entire,middle-center,11.26,0.48,1147,583,450
SHOT0002.MP4,red,entire,middle-center,11.29,0.523,1149,586,451
SHOT0002.MP4,red,entire,middle-center,11.31,0.66,1153,587,452
SHOT0002.MP4,red,entire,middle-center,11.34,0.693,1157,588,453
SHOT0002.MP4,red,entire,middle-center,11.36,0.706,1161,589,454
SHOT0002.MP4,red,entire,middle-center,11.39,0.705,1162,590,455
SHOT0002.MP4,red,entire,middle-center,11.41,0.684,1165,592,456
SHOT0002.MP4,red,entire,middle-center,11.44,0.671,1169,593,457
SHOT0002.MP4,red,entire,middle-center,11.46,0.634,1172,596,458
SHOT0002.MP4,red,entire,middle-center,11.49,0.556,1174,600,459
SHOT0002.MP4,red,entire,middle-center,11.51,0.434,1176,602,460
SHOT0002.MP4,red,entire,middle-center,11.56,0.362,1179,608,462
SHOT0002.MP4,red,entire,middle-center,11.59,0.437,1180,611,463
SHOT0002.MP4,red,entire,middle-center,11.61,0.482,1181,617,464
SHOT0002.MP4,red,entire,middle-center,11.64,0.518,1182,620,465
SHOT0002.MP4,red,entire,middle-center,11.66,0.488,1182,624,466
SHOT0002.MP4,red,entire,middle-center,11.69,0.421,1182,628,467
SHOT0002.MP4,red,entire,middle-center,11.76,0.678,1162,710,470
SHOT0002.MP4,red,entire,middle-center,11.81,0.406,1146,820,472
SHOT0002.MP4,red,entire,middle-center,11.84,0.325,1151,856,473
SHOT0002.MP4,red,entire,middle-center,11.91,0.468,1142,851,476
SHOT0002.MP4,red,entire,middle-center,11.96,0.412,1105,822,478
SHOT0002.MP4,red,entire,middle-center,12.01,0.315,1057,791,480
SHOT0002.MP4,red,entire,middle-center,12.04,0.409,1033,772,481
SHOT0002.MP4,red,entire,middle-center,12.06,0.38,1016,756,482
SHOT0002.MP4,red,entire,middle-center,12.09,0.44,998,740,483
SHOT0002.MP4,red,entire,middle-center,12.11,0.339,985,724,484
SHOT0002.MP4,red,entire,middle-center,12.14,0.447,976,710,485
SHOT0002.MP4,red,entire,middle-center,12.16,0.354,968,696,486
SHOT0002.MP4,red,entire,middle-center,12.19,0.592,967,682,487
SHOT0002.MP4,red,entire,middle-center,12.24,0.436,976,654,489
SHOT0002.MP4,red,entire,middle-center,12.26,0.332,984,641,490
SHOT0002.MP4,red,entire,middle-center,12.29,0.531,995,626,491
SHOT0002.MP4,red,entire,middle-center,12.31,0.644,1005,611,492
SHOT0002.MP4,red,entire,middle-center,12.34,0.392,1019,594,493
SHOT0002.MP4,red,entire,middle-center,12.36,0.549,1030,579,494
SHOT0002.MP4,red,entire,middle-center,12.39,0.467,1043,565,495
SHOT0002.MP4,red,entire,middle-center,12.41,0.487,1055,552,496
SHOT0002.MP4,red,entire,middle-center,12.46,0.439,1080,520,498
SHOT0002.MP4,red,entire,middle-center,12.51,0.325,1104,493,500
SHOT0003.MP4,red,entire,top-center,0.05,0.33,1423,271,2
SHOT0003.MP4,red,entire,top-center,0.1,0.447,1442,283,4
SHOT0003.MP4,red,entire,top-center,0.13,0.378,1452,294,5
SHOT0003.MP4,red,entire,top-center,0.15,0.507,1457,299,6
SHOT0003.MP4,dark,entire,top-center,0.23,0.398,1471,324,9
SHOT0003.MP4,red,entire,top-center,0.38,0.443,1475,377,15
SHOT0003.MP4,dark,entire,top-center,0.43,0.386,1470,395,17
SHOT0003.MP4,dark,entire,top-center,0.45,0.369,1468,404,18
SHOT0003.MP4,dark,entire,top-center,0.48,0.393,1465,412,19
SHOT0003.MP4,dark,entire,top-center,0.5,0.391,1461,419,20
SHOT0003.MP4,red,entire,top-center,0.55,0.307,1452,436,22
SHOT0003.MP4,dark,entire,top-center,0.58,0.4,1448,445,23
SHOT0003.MP4,dark,entire,top-center,0.65,0.321,1441,471,26
SHOT0003.MP4,dark,entire,top-center,0.68,0.364,1434,478,27
SHOT0003.MP4,dark,entire,middle-center,0.78,0.428,1415,512,31
SHOT0003.MP4,dark,entire,middle-center,0.8,0.343,1411,520,32
SHOT0003.MP4,dark,entire,middle-center,0.83,0.447,1407,526,33
SHOT0003.MP4,dark,entire,middle-center,0.85,0.378,1402,534,34
SHOT0003.MP4,dark,entire,middle-center,0.88,0.486,1398,542,35
SHOT0003.MP4,dark,entire,middle-center,0.9,0.44,1393,551,36
SHOT0003.MP4,dark,entire,middle-center,0.93,0.355,1387,558,37
SHOT0003.MP4,dark,entire,middle-center,0.95,0.334,1382,566,38
SHOT0003.MP4,dark,entire,middle-center,1.0,0.393,1374,578,40
SHOT0003.MP4,dark,entire,middle-center,1.03,0.408,1371,591,41
SHOT0003.MP4,dark,entire,middle-center,1.05,0.348,1363,598,42
SHOT0003.MP4,dark,entire,middle-center,1.1,0.457,1353,611,44
SHOT0003.MP4,red,entire,middle-center,1.13,0.328,1348,622,45
SHOT0003.MP4,red,entire,middle-center,1.18,0.318,1340,632,47
SHOT0003.MP4,red,entire,middle-center,1.25,0.396,1332,650,50
SHOT0003.MP4,red,entire,middle-center,1.28,0.381,1331,652,51
SHOT0003.MP4,red,entire,middle-center,2.05,0.319,1272,658,82
SHOT0003.MP4,red,entire,middle-center,2.1,0.3,1264,655,84
SHOT0003.MP4,dark,entire,middle-center,2.13,0.358,1260,654,85
SHOT0003.MP4,dark,entire,middle-center,2.15,0.364,1256,653,86
SHOT0003.MP4,red,entire,middle-center,2.18,0.366,1250,653,87
SHOT0003.MP4,dark,entire,middle-center,2.2,0.322,1245,647,88
SHOT0003.MP4,dark,entire,middle-center,2.23,0.465,1240,649,89
SHOT0003.MP4,dark,entire,middle-center,2.25,0.412,1234,648,90
SHOT0003.MP4,dark,entire,middle-center,2.28,0.475,1229,646,91
SHOT0003.MP4,dark,entire,middle-center,2.3,0.452,1223,645,92
SHOT0003.MP4,red,entire,middle-center,2.33,0.447,1216,644,93
SHOT0003.MP4,red,entire,middle-center,2.35,0.348,1211,641,94
SHOT0003.MP4,dark,entire,middle-center,2.4,0.395,1196,643,96
SHOT0003.MP4,dark,entire,middle-center,2.43,0.409,1188,642,97
SHOT0003.MP4,dark,entire,middle-center,2.48,0.376,1177,640,99
SHOT0003.MP4,dark,entire,middle-center,2.5,0.432,1170,640,100
SHOT0003.MP4,dark,entire,middle-center,2.53,0.426,1163,640,101
SHOT0003.MP4,dark,entire,middle-center,2.55,0.433,1154,642,102
SHOT0003.MP4,dark,entire,middle-center,2.6,0.419,1139,640,104
SHOT0003.MP4,dark,entire,middle-center,2.63,0.382,1132,640,105
SHOT0003.MP4,dark,entire,middle-center,2.65,0.534,1123,643,106
SHOT0003.MP4,dark,entire,middle-center,2.68,0.421,1116,643,107
SHOT0003.MP4,dark,broken,middle-center,2.78,0.674,1134,780,111
SHOT0003.MP4,dark,broken,middle-center,2.95,0.445,968,840,118
SHOT0003.MP4,dark,entire,middle-center,2.95,0.363,1060,844,118
SHOT0003.MP4,dark,broken,middle-center,3.0,0.509,927,818,120
SHOT0003.MP4,dark,entire,middle-center,3.0,0.347,1039,828,120
SHOT0003.MP4,dark,broken,middle-center,3.03,0.701,899,808,121
SHOT0003.MP4,dark,entire,middle-center,3.03,0.417,1027,819,121
SHOT0003.MP4,dark,broken,middle-center,3.05,0.534,880,789,122
SHOT0003.MP4,dark,entire,middle-center,3.05,0.302,1019,814,122
SHOT0003.MP4,dark,entire,middle-center,3.08,0.365,1010,806,123
SHOT0003.MP4,dark,entire,middle-center,3.1,0.326,1004,803,124
SHOT0003.MP4,dark,entire,middle-center,3.13,0.332,1003,791,125
SHOT0003.MP4,dark,entire,middle-center,3.15,0.323,1003,787,126
SHOT0003.MP4,dark,entire,middle-center,3.18,0.371,1004,780,127
SHOT0003.MP4,dark,entire,middle-center,3.35,0.322,1096,728,134
SHOT0003.MP4,dark,entire,middle-center,3.38,0.317,1115,722,135
SHOT0003.MP4,dark,entire,middle-center,3.4,0.347,1134,716,136
SHOT0003.MP4,dark,entire,middle-center,3.43,0.314,1152,709,137
SHOT0003.MP4,dark,entire,middle-center,3.53,0.421,1239,684,141
SHOT0003.MP4,red,entire,middle-center,3.88,0.325,1713,681,155
SHOT0003.MP4,red,entire,middle-right,4.05,0.456,2072,718,162
SHOT0003.MP4,dark,entire,top-right,6.26,0.312,1811,457,250
SHOT0003.MP4,red,entire,top-left,6.41,0.494,89,35,256
SHOT0003.MP4,red,entire,top-left,6.43,0.618,116,26,257
SHOT0003.MP4,red,entire,top-left,6.46,0.532,146,17,258
SHOT0003.MP4,red,entire,top-left,6.48,0.475,172,13,259
SHOT0003.MP4,red,entire,top-left,6.51,0.474,200,8,260
SHOT0003.MP4,red,entire,top-center,7.18,0.441,946,13,287
SHOT0003.MP4,red,entire,top-center,7.21,0.692,972,22,288
SHOT0003.MP4,red,entire,top-center,7.23,0.688,998,35,289
SHOT0003.MP4,red,entire,top-center,7.26,0.683,1022,53,290
SHOT0003.MP4,red,entire,top-center,7.28,0.517,1048,67,291
SHOT0003.MP4,red,entire,top-center,7.31,0.601,1070,84,292
SHOT0003.MP4,red,entire,top-center,7.33,0.64,1092,100,293
SHOT0003.MP4,red,entire,top-center,7.36,0.413,1115,119,294
SHOT0003.MP4,red,entire,top-center,7.38,0.467,1136,139,295
SHOT0003.MP4,red,entire,top-center,7.41,0.494,1156,159,296
SHOT0003.MP4,red,entire,top-center,7.43,0.311,1177,176,297
SHOT0003.MP4,red,entire,top-center,7.46,0.609,1195,194,298
SHOT0003.MP4,red,entire,top-center,7.48,0.493,1212,215,299
SHOT0003.MP4,red,entire,top-center,7.51,0.609,1228,231,300
SHOT0003.MP4,red,entire,top-center,7.53,0.573,1244,250,301
SHOT0003.MP4,red,entire,top-center,7.56,0.617,1261,269,302
SHOT0003.MP4,red,entire,top-center,7.58,0.598,1275,289,303
SHOT0003.MP4,red,entire,top-center,7.61,0.46,1288,308,304
SHOT0003.MP4,red,entire,top-center,7.63,0.678,1302,325,305
SHOT0003.MP4,red,entire,top-center,7.66,0.57,1312,344,306
SHOT0003.MP4,red,entire,top-center,7.68,0.702,1324,361,307
SHOT0003.MP4,red,entire,top-center,7.71,0.737,1335,378,308
SHOT0003.MP4,red,entire,top-center,7.73,0.54,1344,396,309
SHOT0003.MP4,red,entire,top-center,7.76,0.717,1351,412,310
SHOT0003.MP4,red,entire,top-center,7.78,0.709,1358,426,311
SHOT0003.MP4,red,entire,top-center,7.81,0.677,1368,442,312
SHOT0003.MP4,red,entire,top-center,7.83,0.684,1372,456,313
SHOT0003.MP4,red,entire,top-center,7.86,0.431,1377,472,314
SHOT0003.MP4,red,entire,top-center,7.88,0.701,1380,485,315
SHOT0003.MP4,red,entire,middle-center,7.91,0.713,1385,495,316
SHOT0003.MP4,red,entire,middle-center,7.93,0.578,1386,507,317
SHOT0003.MP4,red,entire,middle-center,7.96,0.791,1389,518,318
SHOT0003.MP4,red,entire,middle-center,7.98,0.759,1389,526,319
SHOT0003.MP4,red,entire,middle-center,8.01,0.6,1388,536,320
SHOT0003.MP4,red,entire,middle-center,8.03,0.765,1389,542,321
SHOT0003.MP4,red,entire,middle-center,8.06,0.791,1389,551,322
SHOT0003.MP4,red,entire,middle-center,8.08,0.752,1388,555,323
SHOT0003.MP4,red,entire,middle-center,8.11,0.749,1387,561,324
SHOT0003.MP4,red,entire,middle-center,8.13,0.68,1385,567,325
SHOT0003.MP4,red,entire,middle-center,8.16,0.556,1382,570,326
SHOT0003.MP4,red,entire,middle-center,8.18,0.638,1381,573,327
SHOT0003.MP4,red,entire,middle-center,8.21,0.539,1377,575,328
SHOT0003.MP4,red,entire,middle-center,8.23,0.695,1375,578,329
SHOT0003.MP4,red,entire,middle-center,8.26,0.763,1371,582,330
SHOT0003.MP4,red,entire,middle-center,8.28,0.764,1366,583,331
SHOT0003.MP4,red,entire,middle-center,8.31,0.759,1362,585,332
SHOT0003.MP4,red,entire,middle-center,8.33,0.758,1360,586,333
SHOT0003.MP4,red,entire,middle-center,8.36,0.75,1357,587,334
SHOT0003.MP4,red,entire,middle-center,8.38,0.734,1355,588,335
SHOT0003.MP4,red,entire,middle-center,8.41,0.737,1352,590,336
SHOT0003.MP4,red,entire,middle-center,8.43,0.716,1349,591,337
SHOT0003.MP4,red,entire,middle-center,8.46,0.658,1346,593,338
SHOT0003.MP4,red,entire,middle-center,8.48,0.557,1344,594,339
SHOT0003.MP4,red,entire,middle-center,8.51,0.585,1342,593,340
SHOT0003.MP4,red,entire,middle-center,8.53,0.649,1339,595,341
SHOT0003.MP4,red,entire,middle-center,8.56,0.66,1336,597,342
SHOT0003.MP4,red,entire,middle-center,8.58,0.625,1333,600,343
SHOT0003.MP4,red,entire,middle-center,8.61,0.535,1330,601,344
SHOT0003.MP4,red,entire,middle-center,8.63,0.529,1327,604,345
SHOT0003.MP4,red,entire,middle-center,8.66,0.652,1325,605,346
SHOT0003.MP4,red,entire,middle-center,8.68,0.776,1322,609,347
SHOT0003.MP4,red,entire,middle-center,8.71,0.791,1318,613,348
SHOT0003.MP4,red,entire,middle-center,8.73,0.732,1315,616,349
SHOT0003.MP4,red,entire,middle-center,8.76,0.629,1312,619,350
SHOT0003.MP4,red,entire,middle-center,8.78,0.575,1312,623,351
SHOT0003.MP4,red,entire,middle-center,8.81,0.605,1310,626,352
SHOT0003.MP4,red,entire,middle-center,8.83,0.609,1308,631,353
SHOT0003.MP4,red,entire,middle-center,8.86,0.513,1305,634,354
SHOT0003.MP4,red,entire,middle-center,8.88,0.678,1304,640,355
SHOT0003.MP4,red,entire,middle-center,8.91,0.794,1300,642,356
SHOT0003.MP4,red,entire,middle-center,8.93,0.811,1297,646,357
SHOT0003.MP4,red,entire,middle-center,8.96,0.792,1294,650,358
SHOT0003.MP4,red,entire,middle-center,8.98,0.776,1292,652,359
SHOT0003.MP4,red,entire,middle-center,9.01,0.744,1291,656,360
SHOT0003.MP4,red,entire,middle-center,9.03,0.712,1287,660,361
SHOT0003.MP4,red,entire,middle-center,9.06,0.625,1284,664,362
SHOT0003.MP4,red,entire,middle-center,9.08,0.439,1281,667,363
SHOT0003.MP4,red,entire,middle-center,9.11,0.331,1277,671,364
SHOT0003.MP4,red,entire,middle-center,9.13,0.649,1275,673,365
SHOT0003.MP4,red,entire,middle-center,9.16,0.728,1271,677,366
SHOT0003.MP4,red,entire,middle-center,9.18,0.703,1265,682,367
SHOT0003.MP4,red,entire,middle-center,9.21,0.692,1262,685,368
SHOT0003.MP4,red,entire,middle-center,9.23,0.698,1260,688,369
SHOT0003.MP4,red,entire,middle-center,9.26,0.697,1258,691,370
SHOT0003.MP4,red,entire,middle-center,9.28,0.646,1255,693,371
SHOT0003.MP4,red,entire,middle-center,9.31,0.561,1250,695,372
SHOT0003.MP4,red,entire,middle-center,9.33,0.453,1248,697,373
SHOT0003.MP4,red,entire,middle-center,9.36,0.409,1244,698,374
SHOT0003.MP4,red,entire,middle-center,9.38,0.478,1242,699,375
SHOT0003.MP4,red,entire,middle-center,9.41,0.496,1241,700,376
SHOT0003.MP4,red,entire,middle-center,9.43,0.461,1238,701,377
SHOT0003.MP4,red,entire,middle-center,9.46,0.458,1236,701,378
SHOT0003.MP4,red,entire,middle-center,9.48,0.435,1234,701,379
SHOT0003.MP4,red,entire,middle-center,9.51,0.436,1232,701,380
SHOT0003.MP4,red,entire,middle-center,9.53,0.419,1231,701,381
SHOT0003.MP4,red,entire,middle-center,9.56,0.396,1230,700,382
SHOT0003.MP4,red,entire,middle-center,9.58,0.432,1230,700,383
SHOT0003.MP4,red,entire,middle-center,9.61,0.471,1229,700,384
SHOT0003.MP4,red,entire,middle-center,9.63,0.527,1227,699,385
SHOT0003.MP4,red,entire,middle-center,9.66,0.564,1225,698,386
SHOT0003.MP4,red,entire,middle-center,9.68,0.603,1225,697,387
SHOT0003.MP4,red,entire,middle-center,9.71,0.656,1226,695,388
SHOT0003.MP4,red,entire,middle-center,9.73,0.692,1225,692,389
SHOT0003.MP4,red,entire,middle-center,9.76,0.705,1226,690,390
SHOT0003.MP4,red,entire,middle-center,9.78,0.712,1227,687,391
SHOT0003.MP4,red,entire,middle-center,9.81,0.722,1228,685,392
SHOT0003.MP4,red,entire,middle-center,9.83,0.74,1228,683,393
SHOT0003.MP4,red,entire,middle-center,9.86,0.76,1229,680,394
SHOT0003.MP4,red,entire,middle-center,9.88,0.753,1230,676,395
SHOT0003.MP4,red,entire,middle-center,9.91,0.737,1231,674,396
SHOT0003.MP4,red,entire,middle-center,9.93,0.679,1231,672,397
SHOT0003.MP4,red,entire,middle-center,9.96,0.542,1232,670,398
SHOT0003.MP4,red,entire,middle-center,9.98,0.399,1231,667,399
SHOT0003.MP4,red,entire,middle-center,10.01,0.479,1232,667,400
SHOT0003.MP4,red,entire,middle-center,10.04,0.561,1232,665,401
SHOT0003.MP4,red,entire,middle-center,10.06,0.614,1232,664,402
SHOT0003.MP4,red,entire,middle-center,10.09,0.658,1232,662,403
SHOT0003.MP4,red,entire,middle-center,10.11,0.682,1234,660,404
SHOT0003.MP4,red,entire,middle-center,10.14,0.687,1234,658,405
SHOT0003.MP4,red,entire,middle-center,10.16,0.701,1236,656,406
SHOT0003.MP4,red,entire,middle-center,10.19,0.704,1237,655,407
SHOT0003.MP4,red,entire,middle-center,10.21,0.711,1238,654,408
SHOT0003.MP4,red,entire,middle-center,10.24,0.715,1239,653,409
SHOT0003.MP4,red,entire,middle-center,10.26,0.724,1238,652,410
SHOT0003.MP4,red,entire,middle-center,10.29,0.726,1238,652,411
SHOT0003.MP4,red,entire,middle-center,10.31,0.728,1239,651,412
SHOT0003.MP4,red,entire,middle-center,10.34,0.731,1239,650,413
SHOT0003.MP4,red,entire,middle-center,10.36,0.725,1241,648,414
SHOT0003.MP4,red,entire,middle-center,10.39,0.689,1243,646,415
SHOT0003.MP4,red,entire,middle-center,10.41,0.628,1244,644,416
SHOT0003.MP4,red,entire,middle-center,10.44,0.501,1245,642,417
SHOT0003.MP4,red,entire,middle-center,10.46,0.457,1247,641,418
SHOT0003.MP4,red,entire,middle-center,10.49,0.611,1250,641,419
SHOT0003.MP4,red,entire,middle-center,10.51,0.532,1251,639,420
SHOT0003.MP4,red,entire,middle-center,10.54,0.445,1253,638,421
SHOT0003.MP4,red,entire,middle-center,10.56,0.418,1253,636,422
SHOT0003.MP4,red,entire,middle-center,10.59,0.468,1254,636,423
SHOT0003.MP4,red,entire,middle-center,10.61,0.471,1254,635,424
SHOT0003.MP4,red,entire,middle-center,10.64,0.504,1254,635,425
SHOT0003.MP4,red,entire,middle-center,10.66,0.517,1254,635,426
SHOT0003.MP4,red,entire,middle-center,10.69,0.519,1254,635,427
SHOT0003.MP4,red,entire,middle-center,10.71,0.527,1254,634,428
SHOT0003.MP4,red,entire,middle-center,10.74,0.533,1254,634,429
SHOT0003.MP4,red,entire,middle-center,10.76,0.566,1254,633,430
SHOT0003.MP4,red,entire,middle-center,10.79,0.581,1255,632,431
SHOT0003.MP4,red,entire,middle-center,10.81,0.61,1256,630,432
SHOT0003.MP4,red,entire,middle-center,10.84,0.646,1255,628,433
SHOT0003.MP4,red,entire,middle-center,10.86,0.65,1255,628,434
SHOT0003.MP4,red,entire,middle-center,10.89,0.652,1255,628,435
SHOT0003.MP4,red,entire,middle-center,10.91,0.662,1255,627,436
SHOT0003.MP4,red,entire,middle-center,10.94,0.651,1254,627,437
SHOT0003.MP4,red,entire,middle-center,10.96,0.644,1252,627,438
SHOT0003.MP4,red,entire,middle-center,10.99,0.601,1250,627,439
SHOT0003.MP4,red,entire,middle-center,11.01,0.6,1249,626,440
SHOT0003.MP4,red,entire,middle-center,11.04,0.576,1249,627,441
SHOT0003.MP4,red,entire,middle-center,11.06,0.551,1248,626,442
SHOT0003.MP4,red,entire,middle-center,11.09,0.535,1247,626,443
SHOT0003.MP4,red,entire,middle-center,11.11,0.5,1247,626,444
SHOT0003.MP4,red,entire,middle-center,11.14,0.46,1246,627,445
SHOT0003.MP4,red,entire,middle-center,11.16,0.529,1244,626,446
SHOT0003.MP4,red,entire,middle-center,11.19,0.59,1242,627,447
SHOT0003.MP4,red,entire,middle-center,11.21,0.639,1239,628,448
SHOT0003.MP4,red,entire,middle-center,11.24,0.636,1237,629,449
SHOT0003.MP4,red,entire,middle-center,11.26,0.617,1234,630,450
SHOT0003.MP4,red,entire,middle-center,11.29,0.581,1232,631,451
SHOT0003.MP4,red,entire,middle-center,11.31,0.563,1230,631,452
SHOT0003.MP4,red,entire,middle-center,11.34,0.554,1228,633,453
SHOT0003.MP4,red,entire,middle-center,11.36,0.554,1225,633,454
SHOT0003.MP4,red,entire,middle-center,11.39,0.525,1221,634,455
SHOT0003.MP4,red,entire,middle-center,11.41,0.422,1216,635,456
SHOT0003.MP4,red,entire,middle-center,11.46,0.374,1208,636,458
SHOT0003.MP4,red,entire,middle-center,11.49,0.328,1203,636,459
SHOT0003.MP4,red,entire,middle-center,11.54,0.324,1188,638,461
SHOT0003.MP4,red,entire,middle-center,11.59,0.36,1176,636,463
SHOT0003.MP4,red,entire,middle-center,11.61,0.317,1167,635,464
SHOT0003.MP4,red,entire,middle-center,11.64,0.359,1181,521,465
SHOT0003.MP4,red,entire,middle-center,11.66,0.609,1143,644,466
SHOT0003.MP4,red,entire,middle-center,11.69,0.483,1117,727,467
SHOT0003.MP4,red,entire,middle-center,11.71,0.576,1110,773,468
SHOT0003.MP4,red,entire,middle-center,11.76,0.571,1121,809,470
SHOT0003.MP4,red,entire,middle-center,11.79,0.414,1128,803,471
SHOT0003.MP4,red,entire,middle-center,11.81,0.582,1130,789,472
SHOT0003.MP4,red,entire,middle-center,11.84,0.557,1123,776,473
SHOT0003.MP4,red,entire,middle-center,11.86,0.358,1111,767,474
SHOT0003.MP4,red,entire,middle-center,11.89,0.499,1094,755,475
SHOT0003.MP4,red,entire,middle-center,11.91,0.416,1079,743,476
SHOT0003.MP4,red,entire,middle-center,11.94,0.322,1065,732,477
SHOT0003.MP4,red,entire,middle-center,11.96,0.462,1054,719,478
SHOT0003.MP4,red,entire,middle-center,11.99,0.398,1046,709,479
SHOT0003.MP4,red,entire,middle-center,12.01,0.369,1041,701,480
SHOT0003.MP4,red,entire,middle-center,12.04,0.579,1038,693,481
SHOT0003.MP4,red,entire,middle-center,12.06,0.58,1038,687,482
SHOT0003.MP4,red,entire,middle-center,12.09,0.67,1040,682,483
SHOT0003.MP4,red,entire,middle-center,12.11,0.5,1046,677,484
SHOT0003.MP4,red,entire,middle-center,12.14,0.417,1054,673,485
SHOT0003.MP4,red,entire,middle-center,12.16,0.411,1062,667,486
SHOT0003.MP4,red,entire,middle-center,12.19,0.617,1071,659,487
SHOT0003.MP4,red,entire,middle-center,12.21,0.513,1080,651,488
SHOT0003.MP4,red,entire,middle-center,12.24,0.53,1090,642,489
SHOT0003.MP4,red,entire,middle-center,12.26,0.542,1098,631,490
SHOT0003.MP4,red,entire,middle-center,12.29,0.634,1103,619,491
SHOT0003.MP4,red,entire,middle-center,12.31,0.317,1114,606,492
SHOT0003.MP4,red,entire,middle-center,12.34,0.366,1121,598,493
SHOT0003.MP4,red,entire,middle-center,12.36,0.561,1131,586,494
SHOT0003.MP4,red,entire,middle-center,12.41,0.422,1145,563,496
SHOT0003.MP4,red,entire,middle-center,12.44,0.468,1149,550,497
SHOT0003.MP4,red,entire,middle-center,12.49,0.42,1160,532,499
SHOT0003.MP4,red,entire,middle-center,12.51,0.368,1165,521,500
SHOT0003.MP4,red,entire,middle-center,12.54,0.318,1172,511,501
SHOT0003.MP4,red,entire,middle-center,12.56,0.359,1177,499,502
SHOT0003.MP4,red,entire,top-center,12.59,0.532,1186,490,503
SHOT0003.MP4,red,entire,top-center,12.64,0.359,1198,466,505
SHOT0004.MP4,dark,entire,top-center,0.03,0.316,1594,313,1
SHOT0004.MP4,dark,entire,top-center,0.08,0.369,1612,329,3
SHOT0004.MP4,dark,entire,top-center,0.13,0.328,1630,343,5
SHOT0004.MP4,dark,entire,top-center,0.15,0.306,1636,347,6
SHOT0004.MP4,dark,entire,top-center,0.23,0.322,1649,372,9
SHOT0004.MP4,dark,entire,top-center,0.25,0.47,1652,379,10
SHOT0004.MP4,dark,entire,top-center,0.28,0.505,1656,387,11
SHOT0004.MP4,dark,entire,top-center,0.35,0.333,1661,410,14
SHOT0004.MP4,dark,entire,top-center,0.38,0.421,1662,415,15
SHOT0004.MP4,dark,entire,top-center,0.4,0.37,1662,424,16
SHOT0004.MP4,dark,entire,top-center,0.43,0.348,1662,430,17
SHOT0004.MP4,dark,entire,top-center,0.45,0.334,1661,437,18
SHOT0004.MP4,dark,entire,top-center,0.48,0.337,1658,444,19
SHOT0004.MP4,dark,entire,top-center,0.5,0.468,1656,450,20
SHOT0004.MP4,dark,entire,top-center,0.53,0.33,1653,457,21
SHOT0004.MP4,dark,entire,top-center,0.55,0.353,1649,463,22
SHOT0004.MP4,dark,entire,top-center,0.58,0.305,1643,472,23
SHOT0004.MP4,dark,entire,top-center,0.63,0.317,1636,479,25
SHOT0004.MP4,dark,entire,top-center,0.65,0.469,1632,487,26
SHOT0004.MP4,dark,entire,middle-center,0.68,0.347,1628,493,27
SHOT0004.MP4,dark,entire,middle-center,0.78,0.378,1598,509,31
SHOT0004.MP4,dark,entire,middle-center,0.8,0.352,1590,511,32
SHOT0004.MP4,dark,entire,middle-center,0.83,0.424,1580,518,33
SHOT0004.MP4,dark,entire,middle-center,0.88,0.457,1566,526,35
SHOT0004.MP4,dark,entire,middle-center,0.9,0.36,1555,527,36
SHOT0004.MP4,dark,entire,middle-center,0.93,0.32,1545,535,37
SHOT0004.MP4,dark,entire,middle-center,0.98,0.353,1527,542,39
SHOT0004.MP4,dark,entire,middle-center,1.0,0.359,1514,545,40
SHOT0004.MP4,dark,entire,middle-center,1.05,0.386,1496,552,42
SHOT0004.MP4,dark,entire,middle-center,1.13,0.357,1466,561,45
SHOT0004.MP4,dark,entire,middle-center,1.18,0.352,1447,568,47
SHOT0004.MP4,dark,entire,middle-center,1.23,0.355,1431,571,49
SHOT0004.MP4,dark,entire,middle-center,1.3,0.408,1406,573,52
SHOT0004.MP4,dark,entire,middle-center,1.33,0.48,1401,575,53
SHOT0004.MP4,dark,entire,middle-center,1.35,0.572,1395,577,54
SHOT0004.MP4,dark,entire,middle-center,1.38,0.564,1388,577,55
SHOT0004.MP4,dark,entire,middle-center,1.4,0.597,1382,579,56
SHOT0004.MP4,dark,entire,middle-center,1.43,0.437,1377,582,57
SHOT0004.MP4,dark,entire,middle-center,1.45,0.633,1369,583,58
SHOT0004.MP4,dark,entire,middle-center,1.48,0.56,1364,586,59
SHOT0004.MP4,dark,entire,middle-center,1.5,0.508,1359,586,60
SHOT0004.MP4,dark,entire,middle-center,1.53,0.43,1348,589,61
SHOT0004.MP4,dark,entire,middle-center,1.55,0.383,1344,589,62
SHOT0004.MP4,dark,entire,middle-center,1.58,0.564,1337,591,63
SHOT0004.MP4,dark,entire,middle-center,1.6,0.552,1329,592,64
SHOT0004.MP4,dark,entire,middle-center,1.63,0.386,1324,593,65
SHOT0004.MP4,dark,entire,middle-center,1.65,0.536,1317,594,66
SHOT0004.MP4,dark,entire,middle-center,1.68,0.445,1312,596,67
SHOT0004.MP4,dark,entire,middle-center,1.7,0.53,1305,599,68
SHOT0004.MP4,dark,entire,middle-center,1.73,0.463,1301,601,69
SHOT0004.MP4,dark,entire,middle-center,1.75,0.366,1293,602,70
SHOT0004.MP4,dark,entire,middle-center,1.78,0.351,1286,606,71
SHOT0004.MP4,dark,entire,middle-center,1.83,0.4,1271,607,73
SHOT0004.MP4,dark,entire,middle-center,1.85,0.517,1267,608,74
SHOT0004.MP4,dark,entire,middle-center,1.88,0.511,1260,609,75
SHOT0004.MP4,dark,entire,middle-center,1.9,0.547,1251,615,76
SHOT0004.MP4,dark,entire,middle-center,1.93,0.348,1247,615,77
SHOT0004.MP4,dark,entire,middle-center,1.95,0.565,1241,619,78
SHOT0004.MP4,dark,entire,middle-center,1.98,0.436,1235,621,79
SHOT0004.MP4,dark,entire,middle-center,2.0,0.409,1227,623,80
SHOT0004.MP4,red,entire,middle-center,2.03,0.387,1223,625,81
SHOT0004.MP4,red,entire,middle-center,2.05,0.319,1216,628,82
SHOT0004.MP4,red,entire,middle-center,2.08,0.342,1212,628,83
SHOT0004.MP4,dark,entire,middle-center,2.2,0.319,1186,637,88
SHOT0004.MP4,dark,entire,middle-center,2.28,0.314,1177,638,91
SHOT0004.MP4,dark,entire,middle-center,2.3,0.413,1175,639,92
SHOT0004.MP4,dark,entire,middle-center,2.33,0.462,1171,640,93
SHOT0004.MP4,dark,entire,middle-center,2.35,0.5,1171,641,94
SHOT0004.MP4,dark,entire,middle-center,2.38,0.542,1167,643,95
SHOT0004.MP4,dark,entire,middle-center,2.4,0.467,1164,642,96
SHOT0004.MP4,dark,entire,middle-center,2.43,0.554,1159,643,97
SHOT0004.MP4,dark,entire,middle-center,2.45,0.573,1157,643,98
SHOT0004.MP4,dark,entire,middle-center,2.48,0.497,1153,643,99
SHOT0004.MP4,dark,entire,middle-center,2.5,0.514,1151,644,100
SHOT0004.MP4,dark,entire,middle-center,2.53,0.515,1151,645,101
SHOT0004.MP4,dark,entire,middle-center,2.55,0.444,1149,644,102
SHOT0004.MP4,dark,entire,middle-center,2.58,0.338,1148,643,103
SHOT0004.MP4,dark,entire,middle-center,2.6,0.421,1145,643,104
SHOT0004.MP4,dark,entire,middle-center,2.63,0.441,1145,643,105
SHOT0004.MP4,dark,entire,middle-center,2.65,0.437,1144,641,106
SHOT0004.MP4,dark,entire,middle-center,2.68,0.457,1144,642,107
SHOT0004.MP4,dark,entire,middle-center,2.7,0.454,1143,641,108
SHOT0004.MP4,dark,entire,middle-center,2.73,0.434,1144,640,109
SHOT0004.MP4,dark,entire,middle-center,2.85,0.323,1158,750,114
SHOT0004.MP4,dark,broken,middle-center,2.88,0.358,1149,758,115
SHOT0004.MP4,dark,broken,middle-center,2.9,0.551,1133,759,116
SHOT0004.MP4,dark,broken,middle-center,2.93,0.387,1116,755,117
SHOT0004.MP4,dark,broken,middle-center,2.95,0.307,1089,721,118
SHOT0004.MP4,dark,entire,middle-center,2.98,0.3,1185,738,119
SHOT0004.MP4,dark,entire,middle-center,3.03,0.504,1173,684,121
SHOT0004.MP4,dark,entire,middle-center,3.05,0.448,1171,663,122
SHOT0004.MP4,dark,entire,middle-center,3.08,0.589,1163,649,123
SHOT0004.MP4,dark,entire,middle-center,3.1,0.308,1154,636,124
SHOT0004.MP4,dark,entire,middle-center,3.15,0.333,1144,617,126
SHOT0004.MP4,dark,entire,middle-center,3.18,0.344,1140,608,127
SHOT0004.MP4,dark,entire,middle-center,3.23,0.398,1139,593,129
SHOT0004.MP4,dark,entire,middle-center,3.25,0.433,1141,586,130
SHOT0004.MP4,red,entire,middle-center,3.33,0.304,1162,560,133
SHOT0004.MP4,dark,entire,middle-center,3.35,0.34,1174,554,134
SHOT0004.MP4,dark,entire,middle-center,3.38,0.305,1185,548,135
SHOT0004.MP4,dark,entire,middle-center,3.4,0.436,1202,542,136
SHOT0004.MP4,dark,entire,middle-center,3.45,0.402,1236,531,138
SHOT0004.MP4,dark,entire,middle-center,3.48,0.419,1252,527,139
SHOT0004.MP4,dark,entire,middle-center,3.55,0.327,1311,521,142
SHOT0004.MP4,red,entire,middle-center,3.58,0.304,1334,522,143
SHOT0004.MP4,red,entire,middle-center,3.68,0.467,1428,530,147
SHOT0004.MP4,red,entire,middle-center,3.73,0.46,1482,545,149
SHOT0004.MP4,red,entire,middle-center,3.75,0.481,1513,549,150
SHOT0004.MP4,red,entire,middle-center,3.78,0.404,1546,556,151
SHOT0004.MP4,red,entire,middle-center,3.8,0.307,1578,563,152
SHOT0004.MP4,dark,entire,middle-center,3.85,0.3,1654,580,154
SHOT0004.MP4,red,entire,middle-right,4.0,0.357,1915,653,160
SHOT0004.MP4,red,entire,top-left,6.46,0.381,14,59,258
SHOT0004.MP4,red,entire,top-left,6.51,0.57,74,32,260
SHOT0004.MP4,red,entire,top-left,6.53,0.43,101,22,261
SHOT0004.MP4,red,entire,top-left,6.56,0.396,133,13,262
SHOT0004.MP4,red,entire,top-left,6.58,0.306,166,7,263
SHOT0004.MP4,red,entire,top-center,7.41,0.507,1064,28,296
SHOT0004.MP4,red,entire,top-center,7.56,0.408,1177,157,302
SHOT0004.MP4,red,entire,top-center,7.58,0.394,1194,179,303
SHOT0004.MP4,red,entire,top-center,7.61,0.479,1210,201,304
SHOT0004.MP4,red,entire,top-center,7.63,0.567,1223,226,305
SHOT0004.MP4,red,entire,top-center,7.66,0.628,1238,246,306
SHOT0004.MP4,red,entire,top-center,7.68,0.583,1249,270,307
SHOT0004.MP4,red,entire,top-center,7.71,0.626,1261,293,308
SHOT0004.MP4,red,entire,top-center,7.73,0.699,1274,315,309
SHOT0004.MP4,red,entire,top-center,7.76,0.607,1284,338,310
SHOT0004.MP4,red,entire,top-center,7.78,0.698,1295,359,311
SHOT0004.MP4,red,entire,top-center,7.81,0.763,1304,380,312
SHOT0004.MP4,red,entire,top-center,7.83,0.552,1312,402,313
SHOT0004.MP4,red,entire,top-center,7.86,0.745,1320,422,314
SHOT0004.MP4,red,entire,top-center,7.88,0.455,1328,440,315
SHOT0004.MP4,red,entire,top-center,7.91,0.694,1334,456,316
SHOT0004.MP4,red,entire,top-center,7.93,0.563,1342,474,317
SHOT0004.MP4,red,entire,top-center,7.96,0.684,1347,490,318
SHOT0004.MP4,red,entire,middle-center,7.98,0.52,1354,505,319
SHOT0004.MP4,red,entire,middle-center,8.01,0.795,1360,518,320
SHOT0004.MP4,red,entire,middle-center,8.03,0.713,1364,530,321
SHOT0004.MP4,red,entire,middle-center,8.06,0.788,1369,542,322
SHOT0004.MP4,red,entire,middle-center,8.08,0.696,1372,554,323
SHOT0004.MP4,red,entire,middle-center,8.11,0.608,1374,564,324
SHOT0004.MP4,red,entire,middle-center,8.13,0.475,1375,572,325
SHOT0004.MP4,red,entire,middle-center,8.16,0.607,1377,578,326
SHOT0004.MP4,red,entire,middle-center,8.18,0.692,1379,585,327
SHOT0004.MP4,red,entire,middle-center,8.21,0.75,1384,588,328
SHOT0004.MP4,red,entire,middle-center,8.23,0.741,1387,591,329
SHOT0004.MP4,red,entire,middle-center,8.26,0.724,1389,595,330
SHOT0004.MP4,red,entire,middle-center,8.28,0.695,1391,597,331
SHOT0004.MP4,red,entire,middle-center,8.31,0.656,1393,599,332
SHOT0004.MP4,red,entire,middle-center,8.33,0.605,1394,600,333
SHOT0004.MP4,red,entire,middle-center,8.36,0.542,1395,601,334
SHOT0004.MP4,red,entire,middle-center,8.38,0.509,1395,602,335
SHOT0004.MP4,red,entire,middle-center,8.41,0.52,1396,602,336
SHOT0004.MP4,red,entire,middle-center,8.43,0.534,1396,602,337
SHOT0004.MP4,red,entire,middle-center,8.46,0.543,1397,602,338
SHOT0004.MP4,red,entire,middle-center,8.48,0.545,1398,602,339
SHOT0004.MP4,red,entire,middle-center,8.51,0.565,1399,602,340
SHOT0004.MP4,red,entire,middle-center,8.53,0.571,1400,602,341
SHOT0004.MP4,red,entire,middle-center,8.56,0.556,1400,601,342
SHOT0004.MP4,red,entire,middle-center,8.58,0.551,1400,602,343
SHOT0004.MP4,red,entire,middle-center,8.61,0.527,1400,602,344
SHOT0004.MP4,red,entire,middle-center,8.63,0.518,1400,602,345
SHOT0004.MP4,red,entire,middle-center,8.66,0.534,1399,604,346
SHOT0004.MP4,red,entire,middle-center,8.68,0.571,1398,604,347
SHOT0004.MP4,red,entire,middle-center,8.71,0.625,1397,605,348
SHOT0004.MP4,red,entire,middle-center,8.73,0.651,1395,605,349
SHOT0004.MP4,red,entire,middle-center,8.76,0.651,1393,605,350
SHOT0004.MP4,red,entire,middle-center,8.78,0.659,1390,605,351
SHOT0004.MP4,red,entire,middle-center,8.81,0.684,1388,606,352
SHOT0004.MP4,red,entire,middle-center,8.83,0.668,1386,606,353
SHOT0004.MP4,red,entire,middle-center,8.86,0.62,1384,605,354
SHOT0004.MP4,red,entire,middle-center,8.88,0.514,1381,604,355
SHOT0004.MP4,red,entire,middle-center,8.91,0.531,1379,602,356
SHOT0004.MP4,red,entire,middle-center,8.93,0.536,1378,601,357
SHOT0004.MP4,red,entire,middle-center,8.96,0.543,1377,599,358
SHOT0004.MP4,red,entire,middle-center,8.98,0.621,1374,597,359
SHOT0004.MP4,red,entire,middle-center,9.01,0.688,1372,596,360
SHOT0004.MP4,red,entire,middle-center,9.03,0.723,1368,594,361
SHOT0004.MP4,red,entire,middle-center,9.06,0.725,1364,592,362
SHOT0004.MP4,red,entire,middle-center,9.08,0.735,1361,591,363
SHOT0004.MP4,red,entire,middle-center,9.11,0.744,1358,590,364
SHOT0004.MP4,red,entire,middle-center,9.13,0.745,1356,588,365
SHOT0004.MP4,red,entire,middle-center,9.16,0.733,1351,587,366
SHOT0004.MP4,red,entire,middle-center,9.18,0.718,1348,586,367
SHOT0004.MP4,red,entire,middle-center,9.21,0.638,1345,585,368
SHOT0004.MP4,red,entire,middle-center,9.23,0.599,1344,582,369
SHOT0004.MP4,red,entire,middle-center,9.26,0.688,1341,580,370
SHOT0004.MP4,red,entire,middle-center,9.28,0.744,1339,579,371
SHOT0004.MP4,red,entire,middle-center,9.31,0.772,1337,577,372
SHOT0004.MP4,red,entire,middle-center,9.33,0.753,1334,576,373
SHOT0004.MP4,red,entire,middle-center,9.36,0.753,1331,576,374
SHOT0004.MP4,red,entire,middle-center,9.38,0.724,1328,575,375
SHOT0004.MP4,red,entire,middle-center,9.41,0.659,1325,574,376
SHOT0004.MP4,red,entire,middle-center,9.43,0.671,1321,574,377
SHOT0004.MP4,red,entire,middle-center,9.46,0.647,1319,573,378
SHOT0004.MP4,red,entire,middle-center,9.48,0.579,1316,572,379
SHOT0004.MP4,red,entire,middle-center,9.51,0.405,1313,571,380
SHOT0004.MP4,red,entire,middle-center,9.53,0.356,1312,571,381
SHOT0004.MP4,red,entire,middle-center,9.56,0.438,1309,570,382
SHOT0004.MP4,red,entire,middle-center,9.58,0.48,1308,570,383
SHOT0004.MP4,red,entire,middle-center,9.61,0.515,1306,571,384
SHOT0004.MP4,red,entire,middle-center,9.63,0.466,1302,570,385
SHOT0004.MP4,red,entire,middle-center,9.66,0.465,1299,571,386
SHOT0004.MP4,red,entire,middle-center,9.68,0.514,1294,572,387
SHOT0004.MP4,red,entire,middle-center,9.71,0.591,1291,572,388
SHOT0004.MP4,red,entire,middle-center,9.73,0.665,1286,573,389
SHOT0004.MP4,red,entire,middle-center,9.76,0.666,1281,574,390
SHOT0004.MP4,red,entire,middle-center,9.78,0.536,1278,575,391
SHOT0004.MP4,red,entire,middle-center,9.81,0.676,1276,576,392
SHOT0004.MP4,red,entire,middle-center,9.83,0.74,1274,576,393
SHOT0004.MP4,red,entire,middle-center,9.86,0.773,1271,578,394
SHOT0004.MP4,red,entire,middle-center,9.88,0.772,1269,580,395
SHOT0004.MP4,red,entire,middle-center,9.91,0.771,1266,581,396
SHOT0004.MP4,red,entire,middle-center,9.93,0.757,1264,583,397
SHOT0004.MP4,red,entire,middle-center,9.96,0.749,1262,584,398
SHOT0004.MP4,red,entire,middle-center,9.98,0.744,1260,585,399
SHOT0004.MP4,red,entire,middle-center,10.01,0.75,1257,585,400
SHOT0004.MP4,red,entire,middle-center,10.04,0.744,1253,585,401
SHOT0004.MP4,red,entire,middle-center,10.06,0.7,1250,585,402
SHOT0004.MP4,red,entire,middle-center,10.09,0.631,1247,585,403
SHOT0004.MP4,red,entire,middle-center,10.11,0.525,1245,586,404
SHOT0004.MP4,red,entire,middle-center,10.14,0.643,1243,585,405
SHOT0004.MP4,red,entire,middle-center,10.16,0.729,1240,585,406
SHOT0004.MP4,red,entire,middle-center,10.19,0.74,1236,585,407
SHOT0004.MP4,red,entire,middle-center,10.21,0.745,1232,585,408
SHOT0004.MP4,red,entire,middle-center,10.24,0.744,1229,585,409
SHOT0004.MP4,red,entire,middle-center,10.26,0.752,1226,586,410
SHOT0004.MP4,red,entire,middle-center,10.29,0.763,1222,586,411
SHOT0004.MP4,red,entire,middle-center,10.31,0.698,1217,585,412
SHOT0004.MP4,red,entire,middle-center,10.34,0.605,1214,585,413
SHOT0004.MP4,red,entire,middle-center,10.36,0.512,1213,586,414
SHOT0004.MP4,red,entire,middle-center,10.39,0.626,1210,584,415
SHOT0004.MP4,red,entire,middle-center,10.41,0.697,1208,585,416
SHOT0004.MP4,red,entire,middle-center,10.44,0.728,1204,585,417
SHOT0004.MP4,red,entire,middle-center,10.46,0.733,1202,585,418
SHOT0004.MP4,red,entire,middle-center,10.49,0.731,1199,584,419
SHOT0004.MP4,red,entire,middle-center,10.51,0.733,1197,584,420
SHOT0004.MP4,red,entire,middle-center,10.54,0.737,1195,585,421
SHOT0004.MP4,red,entire,middle-center,10.56,0.727,1194,585,422
SHOT0004.MP4,red,entire,middle-center,10.59,0.74,1190,585,423
SHOT0004.MP4,red,entire,middle-center,10.61,0.739,1187,585,424
SHOT0004.MP4,red,entire,middle-center,10.64,0.681,1184,585,425
SHOT0004.MP4,red,entire,middle-center,10.66,0.631,1182,585,426
SHOT0004.MP4,red,entire,middle-center,10.69,0.55,1181,586,427
SHOT0004.MP4,red,entire,middle-center,10.71,0.509,1180,584,428
SHOT0004.MP4,red,entire,middle-center,10.74,0.572,1179,584,429
SHOT0004.MP4,red,entire,middle-center,10.76,0.622,1178,585,430
SHOT0004.MP4,red,entire,middle-center,10.79,0.656,1177,585,431
SHOT0004.MP4,red,entire,middle-center,10.81,0.661,1176,585,432
SHOT0004.MP4,red,entire,middle-center,10.84,0.694,1174,586,433
SHOT0004.MP4,red,entire,middle-center,10.86,0.712,1172,587,434
SHOT0004.MP4,red,entire,middle-center,10.89,0.696,1170,588,435
SHOT0004.MP4,red,entire,middle-center,10.91,0.701,1168,588,436
SHOT0004.MP4,red,entire,middle-center,10.94,0.696,1166,589,437
SHOT0004.MP4,red,entire,middle-center,10.96,0.692,1165,590,438
SHOT0004.MP4,red,entire,middle-center,10.99,0.697,1164,591,439
SHOT0004.MP4,red,entire,middle-center,11.01,0.684,1164,592,440
SHOT0004.MP4,red,entire,middle-center,11.04,0.693,1164,592,441
SHOT0004.MP4,red,entire,middle-center,11.06,0.675,1164,594,442
SHOT0004.MP4,red,entire,middle-center,11.09,0.659,1163,596,443
SHOT0004.MP4,red,entire,middle-center,11.11,0.591,1163,599,444
SHOT0004.MP4,red,entire,middle-center,11.14,0.497,1162,601,445
SHOT0004.MP4,red,entire,middle-center,11.16,0.452,1162,602,446
SHOT0004.MP4,red,entire,middle-center,11.19,0.383,1162,602,447
SHOT0004.MP4,red,entire,middle-center,11.24,0.479,1163,605,449
SHOT0004.MP4,red,entire,middle-center,11.26,0.557,1164,606,450
SHOT0004.MP4,red,entire,middle-center,11.29,0.632,1164,608,451
SHOT0004.MP4,red,entire,middle-center,11.31,0.675,1165,609,452
SHOT0004.MP4,red,entire,middle-center,11.34,0.691,1165,611,453
SHOT0004.MP4,red,entire,middle-center,11.36,0.7,1166,613,454
SHOT0004.MP4,red,entire,middle-center,11.39,0.709,1167,615,455
SHOT0004.MP4,red,entire,middle-center,11.41,0.703,1169,617,456
SHOT0004.MP4,red,entire,middle-center,11.44,0.675,1171,620,457
SHOT0004.MP4,red,entire,middle-center,11.46,0.649,1175,621,458
SHOT0004.MP4,red,entire,middle-center,11.49,0.552,1177,623,459
SHOT0004.MP4,red,entire,middle-center,11.51,0.444,1180,626,460
SHOT0004.MP4,red,entire,middle-center,11.54,0.514,1181,628,461
SHOT0004.MP4,red,entire,middle-center,11.56,0.518,1182,631,462
SHOT0004.MP4,red,entire,middle-center,11.59,0.477,1183,634,463
SHOT0004.MP4,red,entire,middle-center,11.61,0.37,1185,637,464
SHOT0004.MP4,red,entire,middle-center,11.64,0.583,1187,640,465
SHOT0004.MP4,red,entire,middle-center,11.66,0.689,1187,644,466
SHOT0004.MP4,red,entire,middle-center,11.69,0.706,1187,649,467
SHOT0004.MP4,red,entire,middle-center,11.71,0.653,1186,655,468
SHOT0004.MP4,red,entire,middle-center,11.76,0.637,1177,714,470
SHOT0004.MP4,red,entire,middle-center,11.79,0.579,1163,784,471
SHOT0004.MP4,red,entire,middle-center,11.81,0.382,1156,830,472
SHOT0004.MP4,red,entire,middle-center,11.86,0.413,1164,885,474
SHOT0004.MP4,red,entire,middle-center,11.89,0.467,1165,890,475
SHOT0004.MP4,red,entire,middle-center,11.91,0.479,1167,882,476
SHOT0004.MP4,red,entire,middle-center,11.96,0.567,1162,847,478
SHOT0004.MP4,red,entire,middle-center,11.99,0.451,1150,826,479
SHOT0004.MP4,red,entire,middle-center,12.01,0.559,1138,806,480
SHOT0004.MP4,red,entire,middle-center,12.04,0.583,1125,788,481
SHOT0004.MP4,red,entire,middle-center,12.06,0.361,1111,770,482
SHOT0004.MP4,red,entire,middle-center,12.09,0.574,1098,752,483
SHOT0004.MP4,red,entire,middle-center,12.14,0.511,1079,720,485
SHOT0004.MP4,red,entire,middle-center,12.19,0.489,1065,691,487
SHOT0004.MP4,red,entire,middle-center,12.21,0.519,1064,678,488
SHOT0004.MP4,red,entire,middle-center,12.24,0.433,1064,665,489
SHOT0004.MP4,red,entire,middle-center,12.26,0.606,1065,652,490
SHOT0004.MP4,red,entire,middle-center,12.29,0.413,1070,640,491
SHOT0004.MP4,red,entire,middle-center,12.31,0.505,1076,630,492
SHOT0004.MP4,red,entire,middle-center,12.36,0.428,1087,607,494
SHOT0004.MP4,red,entire,middle-center,12.39,0.595,1095,594,495
SHOT0004.MP4,red,entire,middle-center,12.41,0.662,1099,584,496
SHOT0004.MP4,red,entire,middle-center,12.44,0.48,1108,574,497
SHOT0004.MP4,red,entire,middle-center,12.46,0.373,1114,565,498
SHOT0004.MP4,red,entire,middle-center,12.49,0.598,1120,556,499
SHOT0004.MP4,red,entire,middle-center,12.51,0.652,1127,549,500
SHOT0004.MP4,red,entire,middle-center,12.56,0.497,1139,532,502
SHOT0004.MP4,red,entire,middle-center,12.59,0.398,1146,525,503
SHOT0004.MP4,red,entire,middle-center,12.61,0.403,1150,520,504
SHOT0004.MP4,red,entire,middle-center,12.64,0.457,1159,514,505
SHOT0004.MP4,red,entire,middle-center,12.71,0.301,1179,497,508
SHOT0004.MP4,red,entire,middle-center,12.74,0.396,1186,492,509
SHOT0004.MP4,red,entire,top-center,12.76,0.475,1193,486,510
SHOT0004.MP4,red,entire,top-center,12.79,0.402,1201,480,511
SHOT0004.MP4,red,entire,top-center,12.86,0.463,1222,459,514
SHOT0004.MP4,red,entire,top-center,12.89,0.466,1228,452,515
SHOT0004.MP4,red,entire,top-center,12.96,0.459,1257,425,518
SHOT0005.MP4,dark,entire,middle-right,0.0,0.432,2071,609,0
SHOT0005.MP4,dark,entire,middle-right,0.03,0.356,2068,612,1
SHOT0005.MP4,dark,entire,middle-right,0.05,0.333,2067,616,2
SHOT0005.MP4,dark,entire,middle-right,0.08,0.437,2060,623,3
SHOT0005.MP4,dark,entire,middle-right,0.1,0.442,2054,628,4
SHOT0005.MP4,dark,entire,middle-right,0.13,0.401,2047,630,5
SHOT0005.MP4,dark,entire,middle-right,0.15,0.366,2038,635,6
SHOT0005.MP4,dark,entire,middle-right,0.2,0.396,2024,640,8
SHOT0005.MP4,dark,entire,middle-right,0.23,0.373,2014,641,9
SHOT0005.MP4,dark,entire,middle-right,0.25,0.378,2005,643,10
SHOT0005.MP4,dark,entire,middle-right,0.3,0.471,1986,644,12
SHOT0005.MP4,dark,entire,middle-right,0.33,0.522,1975,644,13
SHOT0005.MP4,dark,entire,middle-right,0.35,0.313,1968,641,14
SHOT0005.MP4,dark,entire,middle-right,0.38,0.395,1955,640,15
SHOT0005.MP4,dark,entire,middle-right,0.4,0.343,1941,641,16
SHOT0005.MP4,dark,entire,middle-right,0.5,0.334,1894,627,20
SHOT0005.MP4,dark,entire,middle-right,0.53,0.318,1881,626,21
SHOT0005.MP4,dark,entire,middle-right,0.58,0.332,1854,617,23
SHOT0005.MP4,dark,entire,middle-right,0.63,0.335,1823,609,25
SHOT0005.MP4,dark,entire,middle-right,0.73,0.351,1761,594,29
SHOT0005.MP4,dark,entire,middle-center,0.75,0.393,1744,591,30
SHOT0005.MP4,dark,entire,middle-center,0.78,0.407,1728,588,31
SHOT0005.MP4,dark,entire,middle-center,0.8,0.417,1712,584,32
SHOT0005.MP4,dark,entire,middle-center,0.83,0.344,1698,577,33
SHOT0005.MP4,dark,entire,middle-center,0.85,0.336,1680,577,34
SHOT0005.MP4,dark,entire,middle-center,1.03,0.401,1578,561,41
SHOT0005.MP4,dark,entire,middle-center,1.05,0.433,1566,560,42
SHOT0005.MP4,dark,entire,middle-center,1.08,0.324,1551,559,43
SHOT0005.MP4,dark,entire,middle-center,1.1,0.381,1540,560,44
SHOT0005.MP4,dark,entire,middle-center,1.15,0.365,1512,560,46
SHOT0005.MP4,dark,entire,middle-center,1.18,0.496,1500,560,47
SHOT0005.MP4,dark,entire,middle-center,1.2,0.395,1487,559,48
SHOT0005.MP4,dark,entire,middle-center,1.25,0.416,1467,562,50
SHOT0005.MP4,dark,entire,middle-center,1.28,0.309,1455,563,51
SHOT0005.MP4,dark,entire,middle-center,1.33,0.416,1434,569,53
SHOT0005.MP4,dark,entire,middle-center,1.4,0.477,1401,575,56
SHOT0005.MP4,dark,entire,middle-center,1.43,0.688,1389,581,57
SHOT0005.MP4,dark,entire,middle-center,1.45,0.444,1378,587,58
SHOT0005.MP4,dark,entire,middle-center,1.48,0.618,1371,589,59
SHOT0005.MP4,dark,entire,middle-center,1.5,0.527,1361,591,60
SHOT0005.MP4,dark,entire,middle-center,1.53,0.494,1352,593,61
SHOT0005.MP4,dark,entire,middle-center,1.55,0.344,1343,594,62
SHOT0005.MP4,dark,entire,middle-center,1.58,0.482,1334,597,63
SHOT0005.MP4,dark,entire,middle-center,1.6,0.496,1327,598,64
SHOT0005.MP4,dark,entire,middle-center,1.63,0.46,1317,602,65
SHOT0005.MP4,dark,entire,middle-center,1.65,0.323,1312,603,66
SHOT0005.MP4,dark,entire,middle-center,1.68,0.512,1304,605,67
SHOT0005.MP4,dark,entire,middle-center,1.7,0.39,1297,604,68
SHOT0005.MP4,dark,entire,middle-center,1.73,0.339,1288,604,69
SHOT0005.MP4,dark,entire,middle-center,1.8,0.385,1273,605,72
SHOT0005.MP4,dark,entire,middle-center,1.83,0.365,1267,605,73
SHOT0005.MP4,dark,entire,middle-center,1.85,0.316,1259,604,74
SHOT0005.MP4,dark,entire,middle-center,1.88,0.428,1254,606,75
SHOT0005.MP4,dark,entire,middle-center,1.93,0.347,1243,605,77
SHOT0005.MP4,dark,entire,middle-center,1.95,0.477,1237,606,78
SHOT0005.MP4,dark,entire,middle-center,1.98,0.416,1232,605,79
SHOT0005.MP4,dark,entire,middle-center,2.0,0.48,1224,606,80
SHOT0005.MP4,dark,entire,middle-center,2.03,0.44,1218,607,81
SHOT0005.MP4,dark,entire,middle-center,2.08,0.397,1206,606,83
SHOT0005.MP4,dark,entire,middle-center,2.1,0.455,1201,606,84
SHOT0005.MP4,dark,entire,middle-center,2.13,0.434,1193,606,85
SHOT0005.MP4,dark,entire,middle-center,2.15,0.35,1187,607,86
SHOT0005.MP4,dark,entire,middle-center,2.2,0.32,1180,605,88
SHOT0005.MP4,dark,entire,middle-center,2.23,0.488,1174,605,89
SHOT0005.MP4,dark,entire,middle-center,2.25,0.487,1169,605,90
SHOT0005.MP4,dark,entire,middle-center,2.28,0.36,1165,603,91
SHOT0005.MP4,dark,entire,middle-center,2.3,0.41,1159,603,92
SHOT0005.MP4,dark,entire,middle-center,2.33,0.373,1153,605,93
SHOT0005.MP4,dark,entire,middle-center,2.38,0.319,1146,602,95
SHOT0005.MP4,dark,entire,middle-center,2.4,0.406,1140,601,96
SHOT0005.MP4,dark,entire,middle-center,2.43,0.356,1135,601,97
SHOT0005.MP4,dark,entire,middle-center,2.45,0.384,1127,599,98
SHOT0005.MP4,dark,entire,middle-center,2.48,0.366,1121,599,99
SHOT0005.MP4,dark,entire,middle-center,2.5,0.323,1118,598,100
SHOT0005.MP4,dark,entire,middle-center,2.53,0.314,1114,596,101
SHOT0005.MP4,dark,entire,middle-center,2.55,0.429,1109,594,102
SHOT0005.MP4,dark,entire,middle-center,2.58,0.453,1106,593,103
SHOT0005.MP4,dark,entire,middle-center,2.6,0.415,1098,591,104
SHOT0005.MP4,dark,entire,middle-center,2.63,0.442,1092,591,105
SHOT0005.MP4,dark,entire,middle-center,2.65,0.432,1088,591,106
SHOT0005.MP4,dark,entire,middle-center,2.7,0.309,1080,594,108
SHOT0005.MP4,red,broken,middle-center,3.2,0.325,1033,768,128
SHOT0005.MP4,red,broken,middle-center,3.3,0.362,1058,739,132
SHOT0005.MP4,red,broken,middle-center,3.68,0.385,1415,544,147
SHOT0005.MP4,red,entire,top-left,6.28,0.377,65,71,251
SHOT0005.MP4,red,entire,top-left,6.31,0.412,98,64,252
SHOT0005.MP4,red,entire,top-left,6.33,0.408,130,58,253
SHOT0005.MP4,red,entire,top-left,6.36,0.488,165,51,254
SHOT0005.MP4,red,entire,top-left,6.38,0.364,198,44,255
SHOT0005.MP4,red,entire,top-left,6.41,0.488,232,37,256
SHOT0005.MP4,red,entire,top-left,6.43,0.477,263,29,257
SHOT0005.MP4,red,entire,top-left,6.46,0.384,295,23,258
SHOT0005.MP4,red,entire,top-left,6.48,0.33,327,18,259
SHOT0005.MP4,red,entire,top-left,6.53,0.443,389,9,261
SHOT0005.MP4,red,entire,top-left,6.56,0.431,418,8,262
SHOT0005.MP4,red,entire,top-center,7.01,0.582,902,7,280
SHOT0005.MP4,red,entire,top-center,7.03,0.46,926,14,281
SHOT0005.MP4,red,entire,top-center,7.06,0.409,951,21,282
SHOT0005.MP4,red,entire,top-center,7.08,0.629,978,30,283
SHOT0005.MP4,red,entire,top-center,7.11,0.5,1004,45,284
SHOT0005.MP4,red,entire,top-center,7.13,0.701,1029,59,285
SHOT0005.MP4,red,entire,top-center,7.16,0.594,1052,72,286
SHOT0005.MP4,red,entire,top-center,7.18,0.555,1077,87,287
SHOT0005.MP4,red,entire,top-center,7.21,0.505,1099,104,288
SHOT0005.MP4,red,entire,top-center,7.23,0.448,1124,121,289
SHOT0005.MP4,red,entire,top-center,7.28,0.33,1169,159,291
SHOT0005.MP4,red,entire,top-center,7.31,0.319,1193,178,292
SHOT0005.MP4,red,entire,top-center,7.33,0.468,1216,196,293
SHOT0005.MP4,red,entire,top-center,7.36,0.567,1239,216,294
SHOT0005.MP4,red,entire,top-center,7.38,0.635,1259,234,295
SHOT0005.MP4,red,entire,top-center,7.41,0.505,1278,254,296
SHOT0005.MP4,red,entire,top-center,7.43,0.586,1301,273,297
SHOT0005.MP4,red,entire,top-center,7.46,0.674,1317,292,298
SHOT0005.MP4,red,entire,top-center,7.48,0.618,1339,310,299
SHOT0005.MP4,red,entire,top-center,7.51,0.699,1355,327,300
SHOT0005.MP4,red,entire,top-center,7.53,0.705,1372,345,301
SHOT0005.MP4,red,entire,top-center,7.56,0.72,1387,363,302
SHOT0005.MP4,red,entire,top-center,7.58,0.753,1402,380,303
SHOT0005.MP4,red,entire,top-center,7.61,0.713,1415,397,304
SHOT0005.MP4,red,entire,top-center,7.63,0.752,1430,413,305
SHOT0005.MP4,red,entire,top-center,7.66,0.565,1442,431,306
SHOT0005.MP4,red,entire,top-center,7.68,0.78,1454,447,307
SHOT0005.MP4,red,entire,top-center,7.71,0.702,1464,460,308
SHOT0005.MP4,red,entire,top-center,7.73,0.656,1472,476,309
SHOT0005.MP4,red,entire,middle-center,7.76,0.674,1477,493,310
SHOT0005.MP4,red,entire,middle-center,7.78,0.534,1483,506,311
SHOT0005.MP4,red,entire,middle-center,7.81,0.783,1490,518,312
SHOT0005.MP4,red,entire,middle-center,7.83,0.719,1493,531,313
SHOT0005.MP4,red,entire,middle-center,7.86,0.763,1498,542,314
SHOT0005.MP4,red,entire,middle-center,7.88,0.708,1499,554,315
SHOT0005.MP4,red,entire,middle-center,7.91,0.668,1502,562,316
SHOT0005.MP4,red,entire,middle-center,7.93,0.514,1504,571,317
SHOT0005.MP4,red,entire,middle-center,7.96,0.738,1504,577,318
SHOT0005.MP4,red,entire,middle-center,7.98,0.688,1505,585,319
SHOT0005.MP4,red,entire,middle-center,8.01,0.632,1507,589,320
SHOT0005.MP4,red,entire,middle-center,8.03,0.6,1507,594,321
SHOT0005.MP4,red,entire,middle-center,8.06,0.613,1506,598,322
SHOT0005.MP4,red,entire,middle-center,8.08,0.581,1505,601,323
SHOT0005.MP4,red,entire,middle-center,8.11,0.556,1504,602,324
SHOT0005.MP4,red,entire,middle-center,8.13,0.56,1503,602,325
SHOT0005.MP4,red,entire,middle-center,8.16,0.595,1501,602,326
SHOT0005.MP4,red,entire,middle-center,8.18,0.607,1498,602,327
SHOT0005.MP4,red,entire,middle-center,8.21,0.598,1494,601,328
SHOT0005.MP4,red,entire,middle-center,8.23,0.609,1490,601,329
SHOT0005.MP4,red,entire,middle-center,8.26,0.642,1485,601,330
SHOT0005.MP4,red,entire,middle-center,8.28,0.613,1478,600,331
SHOT0005.MP4,red,entire,middle-center,8.31,0.555,1473,599,332
SHOT0005.MP4,red,entire,middle-center,8.33,0.666,1469,597,333
SHOT0005.MP4,red,entire,middle-center,8.36,0.696,1461,596,334
SHOT0005.MP4,red,entire,middle-center,8.38,0.737,1454,594,335
SHOT0005.MP4,red,entire,middle-center,8.41,0.739,1446,593,336
SHOT0005.MP4,red,entire,middle-center,8.43,0.65,1441,591,337
SHOT0005.MP4,red,entire,middle-center,8.46,0.734,1433,589,338
SHOT0005.MP4,red,entire,middle-center,8.48,0.76,1425,588,339
SHOT0005.MP4,red,entire,middle-center,8.51,0.758,1417,587,340
SHOT0005.MP4,red,entire,middle-center,8.53,0.579,1409,586,341
SHOT0005.MP4,red,entire,middle-center,8.56,0.733,1403,585,342
SHOT0005.MP4,red,entire,middle-center,8.58,0.743,1395,584,343
SHOT0005.MP4,red,entire,middle-center,8.61,0.764,1391,584,344
SHOT0005.MP4,red,entire,middle-center,8.63,0.752,1382,585,345
SHOT0005.MP4,red,entire,middle-center,8.66,0.601,1377,583,346
SHOT0005.MP4,red,entire,middle-center,8.68,0.752,1371,584,347
SHOT0005.MP4,red,entire,middle-center,8.71,0.777,1365,584,348
SHOT0005.MP4,red,entire,middle-center,8.73,0.782,1360,584,349
SHOT0005.MP4,red,entire,middle-center,8.76,0.782,1355,584,350
SHOT0005.MP4,red,entire,middle-center,8.78,0.723,1348,586,351
SHOT0005.MP4,red,entire,middle-center,8.81,0.582,1343,586,352
SHOT0005.MP4,red,entire,middle-center,8.83,0.695,1338,587,353
SHOT0005.MP4,red,entire,middle-center,8.86,0.707,1331,589,354
SHOT0005.MP4,red,entire,middle-center,8.88,0.733,1326,592,355
SHOT0005.MP4,red,entire,middle-center,8.91,0.704,1320,595,356
SHOT0005.MP4,red,entire,middle-center,8.93,0.589,1313,598,357
SHOT0005.MP4,red,entire,middle-center,8.96,0.619,1307,600,358
SHOT0005.MP4,red,entire,middle-center,8.98,0.566,1300,602,359
SHOT0005.MP4,red,entire,middle-center,9.01,0.648,1295,605,360
SHOT0005.MP4,red,entire,middle-center,9.03,0.767,1289,607,361
SHOT0005.MP4,red,entire,middle-center,9.06,0.702,1281,609,362
SHOT0005.MP4,red,entire,middle-center,9.08,0.727,1276,611,363
SHOT0005.MP4,red,entire,middle-center,9.11,0.775,1271,614,364
SHOT0005.MP4,red,entire,middle-center,9.13,0.722,1264,618,365
SHOT0005.MP4,red,entire,middle-center,9.16,0.721,1261,620,366
SHOT0005.MP4,red,entire,middle-center,9.18,0.717,1256,623,367
SHOT0005.MP4,red,entire,middle-center,9.21,0.686,1251,627,368
SHOT0005.MP4,red,entire,middle-center,9.23,0.559,1246,630,369
SHOT0005.MP4,red,entire,middle-center,9.26,0.625,1242,632,370
SHOT0005.MP4,red,entire,middle-center,9.28,0.578,1238,634,371
SHOT0005.MP4,red,entire,middle-center,9.31,0.562,1236,637,372
SHOT0005.MP4,red,entire,middle-center,9.33,0.738,1232,639,373
SHOT0005.MP4,red,entire,middle-center,9.36,0.759,1231,641,374
SHOT0005.MP4,red,entire,middle-center,9.38,0.779,1228,643,375
SHOT0005.MP4,red,entire,middle-center,9.41,0.789,1225,647,376
SHOT0005.MP4,red,entire,middle-center,9.43,0.767,1222,650,377
SHOT0005.MP4,red,entire,middle-center,9.46,0.709,1218,651,378
SHOT0005.MP4,red,entire,middle-center,9.48,0.633,1216,653,379
SHOT0005.MP4,red,entire,middle-center,9.51,0.576,1214,655,380
SHOT0005.MP4,red,entire,middle-center,9.53,0.583,1211,655,381
SHOT0005.MP4,red,entire,middle-center,9.56,0.669,1208,657,382
SHOT0005.MP4,red,entire,middle-center,9.58,0.686,1207,658,383
SHOT0005.MP4,red,entire,middle-center,9.61,0.701,1205,658,384
SHOT0005.MP4,red,entire,middle-center,9.63,0.71,1204,657,385
SHOT0005.MP4,red,entire,middle-center,9.66,0.711,1204,657,386
SHOT0005.MP4,red,entire,middle-center,9.68,0.717,1203,656,387
SHOT0005.MP4,red,entire,middle-center,9.71,0.715,1203,655,388
SHOT0005.MP4,red,entire,middle-center,9.73,0.722,1201,654,389
SHOT0005.MP4,red,entire,middle-center,9.76,0.723,1200,653,390
SHOT0005.MP4,red,entire,middle-center,9.78,0.72,1200,653,391
SHOT0005.MP4,red,entire,middle-center,9.81,0.729,1200,652,392
SHOT0005.MP4,red,entire,middle-center,9.83,0.737,1199,651,393
SHOT0005.MP4,red,entire,middle-center,9.86,0.745,1199,650,394
SHOT0005.MP4,red,entire,middle-center,9.88,0.755,1200,650,395
SHOT0005.MP4,red,entire,middle-center,9.91,0.774,1201,647,396
SHOT0005.MP4,red,entire,middle-center,9.93,0.783,1202,645,397
SHOT0005.MP4,red,entire,middle-center,9.96,0.777,1203,643,398
SHOT0005.MP4,red,entire,middle-center,9.98,0.776,1205,643,399
SHOT0005.MP4,red,entire,middle-center,10.01,0.756,1207,643,400
SHOT0005.MP4,red,entire,middle-center,10.04,0.726,1208,642,401
SHOT0005.MP4,red,entire,middle-center,10.06,0.691,1209,641,402
SHOT0005.MP4,red,entire,middle-center,10.09,0.65,1210,641,403
SHOT0005.MP4,red,entire,middle-center,10.11,0.592,1211,641,404
SHOT0005.MP4,red,entire,middle-center,10.14,0.56,1212,640,405
SHOT0005.MP4,red,entire,middle-center,10.16,0.498,1212,640,406
SHOT0005.MP4,red,entire,middle-center,10.19,0.419,1213,639,407
SHOT0005.MP4,red,entire,middle-center,10.21,0.34,1213,638,408
SHOT0005.MP4,red,entire,middle-center,10.24,0.371,1215,637,409
SHOT0005.MP4,red,entire,middle-center,10.26,0.442,1215,636,410
SHOT0005.MP4,red,entire,middle-center,10.29,0.512,1216,634,411
SHOT0005.MP4,red,entire,middle-center,10.31,0.573,1217,633,412
SHOT0005.MP4,red,entire,middle-center,10.34,0.587,1218,633,413
SHOT0005.MP4,red,entire,middle-center,10.36,0.629,1220,631,414
SHOT0005.MP4,red,entire,middle-center,10.39,0.655,1220,630,415
SHOT0005.MP4,red,entire,middle-center,10.41,0.662,1219,628,416
SHOT0005.MP4,red,entire,middle-center,10.44,0.671,1220,627,417
SHOT0005.MP4,red,entire,middle-center,10.46,0.67,1220,625,418
SHOT0005.MP4,red,entire,middle-center,10.49,0.685,1220,624,419
SHOT0005.MP4,red,entire,middle-center,10.51,0.664,1218,621,420
SHOT0005.MP4,red,entire,middle-center,10.54,0.644,1217,620,421
SHOT0005.MP4,red,entire,middle-center,10.56,0.643,1217,619,422
SHOT0005.MP4,red,entire,middle-center,10.59,0.674,1217,617,423
SHOT0005.MP4,red,entire,middle-center,10.61,0.692,1217,613,424
SHOT0005.MP4,red,entire,middle-center,10.64,0.665,1217,610,425
SHOT0005.MP4,red,entire,middle-center,10.66,0.672,1218,608,426
SHOT0005.MP4,red,entire,middle-center,10.69,0.531,1218,605,427
SHOT0005.MP4,red,entire,middle-center,10.71,0.45,1217,603,428
SHOT0005.MP4,red,entire,middle-center,10.74,0.563,1215,600,429
SHOT0005.MP4,red,entire,middle-center,10.76,0.576,1215,597,430
SHOT0005.MP4,red,entire,middle-center,10.79,0.603,1215,595,431
SHOT0005.MP4,red,entire,middle-center,10.81,0.606,1216,593,432
SHOT0005.MP4,red,entire,middle-center,10.84,0.612,1215,591,433
SHOT0005.MP4,red,entire,middle-center,10.86,0.559,1214,587,434
SHOT0005.MP4,red,entire,middle-center,10.89,0.518,1214,586,435
SHOT0005.MP4,red,entire,middle-center,10.91,0.496,1213,583,436
SHOT0005.MP4,red,entire,middle-center,10.94,0.497,1212,581,437
SHOT0005.MP4,red,entire,middle-center,10.96,0.504,1212,578,438
SHOT0005.MP4,red,entire,middle-center,10.99,0.466,1212,576,439
SHOT0005.MP4,red,entire,middle-center,11.01,0.459,1212,575,440
SHOT0005.MP4,red,entire,middle-center,11.04,0.436,1212,574,441
SHOT0005.MP4,red,entire,middle-center,11.06,0.356,1212,573,442
SHOT0005.MP4,red,entire,middle-center,11.09,0.323,1211,572,443
SHOT0005.MP4,red,entire,middle-center,11.11,0.38,1209,570,444
SHOT0005.MP4,red,entire,middle-center,11.14,0.392,1209,570,445
SHOT0005.MP4,red,entire,middle-center,11.16,0.437,1208,570,446
SHOT0005.MP4,red,entire,middle-center,11.19,0.466,1206,570,447
SHOT0005.MP4,red,entire,middle-center,11.21,0.462,1206,570,448
SHOT0005.MP4,red,entire,middle-center,11.24,0.436,1206,570,449
SHOT0005.MP4,red,entire,middle-center,11.26,0.385,1205,571,450
SHOT0005.MP4,red,entire,middle-center,11.29,0.408,1205,572,451
SHOT0005.MP4,red,entire,middle-center,11.31,0.451,1205,572,452
SHOT0005.MP4,red,entire,middle-center,11.34,0.572,1205,573,453
SHOT0005.MP4,red,entire,middle-center,11.36,0.645,1204,574,454
SHOT0005.MP4,red,entire,middle-center,11.39,0.663,1202,575,455
SHOT0005.MP4,red,entire,middle-center,11.41,0.686,1200,577,456
SHOT0005.MP4,red,entire,middle-center,11.44,0.704,1197,581,457
SHOT0005.MP4,red,entire,middle-center,11.46,0.705,1195,584,458
SHOT0005.MP4,red,entire,middle-center,11.49,0.695,1192,587,459
SHOT0005.MP4,red,entire,middle-center,11.51,0.68,1190,590,460
SHOT0005.MP4,red,entire,middle-center,11.54,0.598,1183,594,461
SHOT0005.MP4,red,entire,middle-center,11.56,0.425,1180,598,462
SHOT0005.MP4,red,entire,middle-center,11.59,0.613,1174,606,463
SHOT0005.MP4,red,entire,middle-center,11.64,0.477,1149,657,465
SHOT0005.MP4,red,entire,middle-center,11.66,0.426,1128,732,466
SHOT0005.MP4,red,entire,middle-center,11.69,0.409,1115,786,467
SHOT0005.MP4,red,entire,middle-center,11.71,0.38,1114,824,468
SHOT0005.MP4,red,entire,middle-center,11.74,0.371,1113,845,469
SHOT0005.MP4,red,entire,middle-center,11.76,0.41,1111,847,470
SHOT0005.MP4,red,entire,middle-center,11.79,0.333,1106,835,471
SHOT0005.MP4,red,entire,middle-center,11.81,0.4,1092,818,472
SHOT0005.MP4,red,entire,middle-center,11.84,0.387,1072,804,473
SHOT0005.MP4,red,entire,middle-center,11.86,0.355,1049,788,474
SHOT0005.MP4,red,entire,middle-center,11.89,0.421,1025,772,475
SHOT0005.MP4,red,entire,middle-center,11.91,0.522,1000,752,476
SHOT0005.MP4,red,entire,middle-center,11.96,0.588,961,713,478
SHOT0005.MP4,red,entire,middle-center,11.99,0.394,944,694,479
SHOT0005.MP4,red,entire,middle-center,12.01,0.526,926,673,480
SHOT0005.MP4,red,broken,middle-center,12.11,0.397,913,598,484
SHOT0005.MP4,dark,broken,middle-center,12.14,0.41,916,575,485
SHOT0005.MP4,dark,broken,middle-center,12.16,0.433,917,559,486
SHOT0005.MP4,dark,broken,middle-center,12.19,0.506,941,537,487
SHOT0006.MP4,red,entire,middle-center,0.0,0.729,1459,624,0
SHOT0006.MP4,red,entire,middle-center,0.03,0.729,1457,628,1
SHOT0006.MP4,red,entire,middle-center,0.05,0.684,1456,631,2
SHOT0006.MP4,red,entire,middle-center,0.08,0.656,1453,633,3
SHOT0006.MP4,red,entire,middle-center,0.1,0.607,1450,635,4
SHOT0006.MP4,red,entire,middle-center,0.13,0.523,1447,637,5
SHOT0006.MP4,red,entire,middle-center,0.15,0.568,1444,639,6
SHOT0006.MP4,red,entire,middle-center,0.18,0.613,1441,639,7
SHOT0006.MP4,red,entire,middle-center,0.2,0.736,1439,640,8
SHOT0006.MP4,red,entire,middle-center,0.23,0.781,1435,642,9
SHOT0006.MP4,red,entire,middle-center,0.25,0.786,1431,644,10
SHOT0006.MP4,red,entire,middle-center,0.28,0.783,1427,646,11
SHOT0006.MP4,red,entire,middle-center,0.3,0.782,1424,648,12
SHOT0006.MP4,red,entire,middle-center,0.33,0.769,1421,649,13
SHOT0006.MP4,red,entire,middle-center,0.35,0.78,1418,650,14
SHOT0006.MP4,red,entire,middle-center,0.38,0.733,1414,650,15
SHOT0006.MP4,red,entire,middle-center,0.4,0.676,1411,651,16
SHOT0006.MP4,red,entire,middle-center,0.43,0.596,1409,652,17
SHOT0006.MP4,red,entire,middle-center,0.45,0.592,1407,652,18
SHOT0006.MP4,red,entire,middle-center,0.48,0.668,1404,653,19
SHOT0006.MP4,red,entire,middle-center,0.5,0.673,1401,654,20
SHOT0006.MP4,red,entire,middle-center,0.53,0.686,1396,656,21
SHOT0006.MP4,red,entire,middle-center,0.55,0.724,1392,656,22
SHOT0006.MP4,red,entire,middle-center,0.58,0.726,1389,657,23
SHOT0006.MP4,red,entire,middle-center,0.6,0.692,1386,658,24
SHOT0006.MP4,red,entire,middle-center,0.63,0.676,1382,658,25
SHOT0006.MP4,red,entire,middle-center,0.65,0.598,1378,657,26
SHOT0006.MP4,red,entire,middle-center,0.68,0.662,1374,656,27
SHOT0006.MP4,red,entire,middle-center,0.7,0.747,1371,655,28
SHOT0006.MP4,red,entire,middle-center,0.73,0.771,1367,654,29
SHOT0006.MP4,red,entire,middle-center,0.75,0.782,1362,653,30
SHOT0006.MP4,red,entire,middle-center,0.78,0.79,1358,653,31
SHOT0006.MP4,red,entire,middle-center,0.8,0.802,1355,652,32
SHOT0006.MP4,red,entire,middle-center,0.83,0.774,1350,651,33
SHOT0006.MP4,red,entire,middle-center,0.85,0.658,1345,651,34
SHOT0006.MP4,red,entire,middle-center,0.88,0.672,1341,649,35
SHOT0006.MP4,red,entire,middle-center,0.9,0.762,1338,649,36
SHOT0006.MP4,red,entire,middle-center,0.93,0.794,1333,648,37
SHOT0006.MP4,red,entire,middle-center,0.95,0.804,1328,647,38
SHOT0006.MP4,red,entire,middle-center,0.98,0.8,1325,647,39
SHOT0006.MP4,red,entire,middle-center,1.0,0.792,1319,646,40
SHOT0006.MP4,red,entire,middle-center,1.03,0.706,1314,644,41
SHOT0006.MP4,red,entire,middle-center,1.05,0.61,1310,642,42
SHOT0006.MP4,red,entire,middle-center,1.08,0.703,1307,641,43
SHOT0006.MP4,red,entire,middle-center,1.1,0.699,1305,640,44
SHOT0006.MP4,red,entire,middle-center,1.13,0.681,1301,640,45
SHOT0006.MP4,red,entire,middle-center,1.15,0.519,1297,639,46
SHOT0006.MP4,red,entire,middle-center,1.18,0.385,1292,638,47
SHOT0006.MP4,red,entire,middle-center,1.2,0.481,1285,636,48
SHOT0006.MP4,red,entire,middle-center,1.23,0.491,1281,635,49
SHOT0006.MP4,red,entire,middle-center,1.25,0.431,1277,633,50
SHOT0006.MP4,red,entire,middle-center,1.28,0.56,1274,631,51
SHOT0006.MP4,red,entire,middle-center,1.3,0.64,1270,629,52
SHOT0006.MP4,red,entire,middle-center,1.33,0.672,1266,628,53
SHOT0006.MP4,red,entire,middle-center,1.35,0.705,1262,626,54
SHOT0006.MP4,red,entire,middle-center,1.38,0.726,1259,624,55
SHOT0006.MP4,red,entire,middle-center,1.4,0.733,1255,622,56
SHOT0006.MP4,red,entire,middle-center,1.43,0.698,1250,621,57
SHOT0006.MP4,red,entire,middle-center,1.45,0.618,1247,619,58
SHOT0006.MP4,red,entire,middle-center,1.48,0.651,1244,616,59
SHOT0006.MP4,red,entire,middle-center,1.5,0.742,1242,614,60
SHOT0006.MP4,red,entire,middle-center,1.53,0.795,1238,612,61
SHOT0006.MP4,red,entire,middle-center,1.55,0.778,1236,609,62
SHOT0006.MP4,red,entire,middle-center,1.58,0.773,1233,607,63
SHOT0006.MP4,red,entire,middle-center,1.6,0.679,1230,606,64
SHOT0006.MP4,red,entire,middle-center,1.63,0.563,1227,605,65
SHOT0006.MP4,red,entire,middle-center,1.65,0.528,1223,604,66
SHOT0006.MP4,red,entire,middle-center,1.68,0.557,1217,602,67
SHOT0006.MP4,red,entire,middle-center,1.7,0.536,1214,600,68
SHOT0006.MP4,red,entire,middle-center,1.73,0.516,1213,598,69
SHOT0006.MP4,red,entire,middle-center,1.75,0.543,1211,595,70
SHOT0006.MP4,red,entire,middle-center,1.78,0.596,1209,593,71
SHOT0006.MP4,red,entire,middle-center,1.8,0.675,1206,591,72
SHOT0006.MP4,red,entire,middle-center,1.83,0.698,1203,589,73
SHOT0006.MP4,red,entire,middle-center,1.85,0.712,1199,588,74
SHOT0006.MP4,red,entire,middle-center,1.88,0.726,1197,588,75
SHOT0006.MP4,red,entire,middle-center,1.9,0.734,1195,587,76
SHOT0006.MP4,red,entire,middle-center,1.93,0.744,1192,586,77
SHOT0006.MP4,red,entire,middle-center,1.95,0.73,1187,586,78
SHOT0006.MP4,red,entire,middle-center,1.98,0.632,1182,586,79
SHOT0006.MP4,red,entire,middle-center,2.0,0.56,1180,584,80
SHOT0006.MP4,red,entire,middle-center,2.03,0.69,1177,584,81
SHOT0006.MP4,red,entire,middle-center,2.05,0.753,1173,581,82
SHOT0006.MP4,red,entire,middle-center,2.08,0.758,1169,580,83
SHOT0006.MP4,red,entire,middle-center,2.1,0.734,1167,579,84
SHOT0006.MP4,red,entire,middle-center,2.13,0.731,1164,578,85
SHOT0006.MP4,red,entire,middle-center,2.15,0.715,1161,576,86
SHOT0006.MP4,red,entire,middle-center,2.18,0.716,1158,576,87
SHOT0006.MP4,red,entire,middle-center,2.2,0.667,1154,575,88
SHOT0006.MP4,red,entire,middle-center,2.23,0.6,1150,574,89
SHOT0006.MP4,red,entire,middle-center,2.25,0.371,1147,573,90
SHOT0006.MP4,red,entire,middle-center,2.28,0.433,1144,572,91
SHOT0006.MP4,red,entire,middle-center,2.3,0.446,1142,572,92
SHOT0006.MP4,red,entire,middle-center,2.33,0.388,1136,570,93
SHOT0006.MP4,red,entire,middle-center,2.35,0.411,1132,569,94
SHOT0006.MP4,red,entire,middle-center,2.38,0.548,1127,569,95
SHOT0006.MP4,red,entire,middle-center,2.4,0.586,1122,568,96
SHOT0006.MP4,red,entire,middle-center,2.43,0.523,1117,566,97
SHOT0006.MP4,red,entire,middle-center,2.45,0.465,1115,565,98
SHOT0006.MP4,red,entire,middle-center,2.48,0.54,1112,564,99
SHOT0006.MP4,red,entire,middle-center,2.5,0.601,1108,563,100
SHOT0006.MP4,red,entire,middle-center,2.53,0.623,1105,561,101
SHOT0006.MP4,red,entire,middle-center,2.55,0.643,1101,560,102
SHOT0006.MP4,red,entire,middle-center,2.58,0.646,1098,560,103
SHOT0006.MP4,red,entire,middle-center,2.6,0.667,1095,560,104
SHOT0006.MP4,red,entire,middle-center,2.63,0.648,1093,561,105
SHOT0006.MP4,red,entire,middle-center,2.65,0.631,1090,561,106
SHOT0006.MP4,red,entire,middle-center,2.68,0.613,1088,562,107
SHOT0006.MP4,red,entire,middle-center,2.7,0.542,1085,563,108
SHOT0006.MP4,red,entire,middle-center,2.73,0.525,1084,565,109
SHOT0006.MP4,red,entire,middle-center,2.75,0.507,1084,565,110
SHOT0006.MP4,red,entire,middle-center,2.78,0.461,1084,567,111
SHOT0006.MP4,red,entire,middle-center,2.8,0.421,1083,568,112
SHOT0006.MP4,red,entire,middle-center,2.83,0.341,1083,569,113
SHOT0006.MP4,red,entire,middle-center,2.9,0.439,1082,575,116
SHOT0006.MP4,red,entire,middle-center,2.93,0.468,1082,582,117
SHOT0006.MP4,red,entire,middle-center,2.98,0.429,1084,637,119
SHOT0006.MP4,red,entire,middle-center,3.0,0.55,1077,707,120
SHOT0006.MP4,red,entire,middle-center,3.03,0.533,1077,755,121
SHOT0006.MP4,red,entire,middle-center,3.05,0.412,1085,794,122
SHOT0006.MP4,red,entire,middle-center,3.08,0.543,1096,817,123
SHOT0006.MP4,red,entire,middle-center,3.1,0.521,1107,826,124
SHOT0006.MP4,red,entire,middle-center,3.13,0.409,1113,826,125
SHOT0006.MP4,red,entire,middle-center,3.15,0.346,1115,816,126
SHOT0006.MP4,red,entire,middle-center,3.18,0.427,1112,804,127
SHOT0006.MP4,red,entire,middle-center,3.2,0.47,1104,795,128
SHOT0006.MP4,red,entire,middle-center,3.23,0.541,1096,786,129
SHOT0006.MP4,red,entire,middle-center,3.25,0.557,1088,777,130
SHOT0006.MP4,red,entire,middle-center,3.28,0.349,1079,767,131
SHOT0006.MP4,red,entire,middle-center,3.3,0.541,1068,755,132
SHOT0006.MP4,red,entire,middle-center,3.33,0.574,1060,745,133
SHOT0006.MP4,red,entire,middle-center,3.38,0.405,1048,723,135
SHOT0006.MP4,red,entire,middle-center,3.4,0.523,1043,711,136
SHOT0006.MP4,red,entire,middle-center,3.43,0.386,1042,701,137
SHOT0006.MP4,red,entire,middle-center,3.45,0.568,1042,689,138
SHOT0006.MP4,red,entire,middle-center,3.48,0.629,1044,677,139
SHOT0006.MP4,red,entire,middle-center,3.5,0.353,1048,667,140
SHOT0006.MP4,red,entire,middle-center,3.53,0.534,1052,654,141
SHOT0006.MP4,red,entire,middle-center,3.55,0.623,1057,643,142
SHOT0006.MP4,red,entire,middle-center,3.58,0.594,1063,630,143
SHOT0006.MP4,red,entire,middle-center,3.6,0.644,1066,618,144
SHOT0006.MP4,red,entire,middle-center,3.63,0.513,1075,606,145
SHOT0006.MP4,red,entire,middle-center,3.65,0.467,1080,593,146
SHOT0006.MP4,red,entire,middle-center,3.68,0.517,1084,583,147
SHOT0006.MP4,red,entire,middle-center,3.7,0.335,1091,573,148
SHOT0006.MP4,red,entire,middle-center,3.73,0.576,1099,562,149
SHOT0006.MP4,red,entire,middle-center,3.75,0.615,1105,553,150
SHOT0006.MP4,red,entire,middle-center,3.78,0.412,1114,544,151
SHOT0006.MP4,red,entire,middle-center,3.8,0.482,1123,537,152
SHOT0006.MP4,red,entire,middle-center,3.83,0.586,1133,529,153
SHOT0006.MP4,red,entire,middle-center,3.85,0.566,1143,521,154
SHOT0006.MP4,red,entire,middle-center,3.88,0.468,1151,515,155
SHOT0006.MP4,red,entire,middle-center,3.9,0.319,1162,507,156
SHOT0006.MP4,red,entire,middle-center,3.93,0.459,1174,498,157
SHOT0006.MP4,red,entire,top-center,3.95,0.358,1183,489,158
SHOT0006.MP4,red,entire,top-center,3.98,0.495,1193,480,159
